2023-01-09,Product Name,Product ID,Sales,Buying Price,Quantity
2023-01-09,JSB T2 DECORDER,404,200,160,1
2023-01-09,NUNIX DISH RACK DR2S,307,300,240,2
2023-01-09,NUNIX DISH RACK DR3S,310,400,320,1
2023-01-09,DIGITAL SCALE-FLAT,107,500,400,4
2023-01-09,AILYONS IRON BOX-HD198A,93,600,480,15
2023-01-09,AILYONS KETTLE FK- 0301,5,700,560,1
2023-01-09,VITRON HTC 3200S,334,800,640,2
2023-01-09,RASHNIK 1142,402,900,720,1
2023-01-09,RASHNIK 1154,401,200,160,4
2023-01-09,NUNIX M7,88,300,240,15
2023-01-09,BLENDER Y 44,303,400,320,9
2023-01-09,ES 898A,252,500,400,9
2023-01-09,AILYONS BLENDER 1731,199,600,480,1
2023-01-09,6011 BLACK BJS,273,700,560,2
2023-01-09,DIGITAL SCALE-FLAT,107,800,640,1
2023-01-09,BLENDER Y 44,303,900,720,4
2023-01-09,AILYONS HD 199,215,200,160,15
2023-01-09,ROCH RFR 120S B,328,300,240,1
2023-01-09,AILYONS IRON BOX-HD198A,93,400,320,2
2023-01-09,AILYONS KETTLE FK- 0301,5,500,400,1
2023-01-09,NUNIX 1722 ROOM HEATER,274,600,480,4
2023-01-09,NUNIX NH 01,381,700,560,15
2023-01-09,NUNIX DISH RACK DR2S,307,800,640,9
2023-01-09,NUNIX DISH RACK DR2S,307,900,720,9
2023-02-09,VITRON-527,140,200,160,1
2023-02-09,R0YAL FLIDGE 125L RF 130,203,300,240,2
2023-02-09,SAYONA 1131,390,400,320,1
2023-02-09,LCD 7201 14-42,281,500,400,4
2023-02-09,VITRON HTC 3218 TV,332,600,480,15
2023-02-09,VITRON-5068,76,700,560,1
2023-02-09,AILYONS KETTLE FK- 0301,5,800,640,2
2023-02-09,AILYONS 304,4,900,720,1
2023-02-09,NUNIX R5 SILVER,227,200,160,4
2023-02-09,NUNIX 8803 5,383,300,240,15
2023-02-09,NUNIX SHOE RACK-8806-8,62,400,320,9
2023-02-09,VITRON 652,377,500,400,9
2023-02-09,RN 2451,349,600,480,1
2023-02-09,NUNIX GG PRO GLASS,343,700,560,2
2023-02-09,RASHNIK RN 2456,411,800,640,1
2023-03-09,JTC 801,233,900,720,4
2023-03-09,AILYONS GS-013,135,200,160,15
2023-03-09,AILYONS GS 014-1,360,300,240,1
2023-03-09,SAYONA IRONBOX 406,108,400,320,2
2023-03-09,NUNIX GP 3 BURNER,380,500,400,1
2023-03-09,AILYONS KETTLE FK- 0301,5,600,480,4
2023-03-09,RASHNIK 1154,401,700,560,15
2023-03-09,NUNIX M1,34,800,640,9
2023-03-09,SAYONA 2085,235,900,720,9
2023-03-09,SAYONA BLOWDRY SY-1000,85,200,160,1
2023-03-09,AILYONS KETTLE FK- 0301,5,300,240,2
2023-03-09,VITRON HTC 3200S,334,400,320,1
2023-03-09,AILYONS 304,4,500,400,4
2023-03-09,VITRON TV 4388,352,600,480,15
2023-03-09,SONAR K9C,226,700,560,1
2023-03-09,VITRON HTC 3200S,334,800,640,2
2023-03-09,VITRON HTC 3200S,334,900,720,1
2023-03-09,WALLMOUNT SH-42T,106,200,160,4
2023-03-09,EUROKEN 607,295,300,240,15
2023-03-09,VITRON HTC 3200S,334,400,320,9
2023-04-09,LCD 7201 14-42,281,500,400,9
2023-04-09,6011 GREY BJS,272,600,480,1
2023-04-09,ES 898A,252,700,560,2
2023-04-09,VOV VAC5F031UB 60 60,260,800,640,1
2023-04-09,AILYONS HD 199,215,900,720,4
2023-04-09,KJ 402,350,200,160,15
2023-04-09,BLENDER Y 44,303,300,240,1
2023-04-09,VON DRY IRON BOX-VSID11BCY,179,400,320,2
2023-04-09,EC K01,419,500,400,1
2023-04-09,NUNIX AK 300,364,600,480,4
2023-04-09,NUNIX M1,34,700,560,15
2023-04-09,NUNIX M7,88,800,640,9
2023-05-09,ES 898A,252,900,720,9
2023-05-09,SAYONA BLOWDRY SY-300,84,200,160,1
2023-05-09,SAYONA BLOWDRY SY-800,66,300,240,2
2023-05-09,NUNIX M1,34,400,320,1
2023-05-09,SC 002,416,500,400,4
2023-05-09,WALLMOUNT SH-42T,106,600,480,15
2023-05-09,NUNIX DISPENSER -K1,50,700,560,1
2023-05-09,AILYONS KETTLE FK- 0301,5,800,640,2
2023-05-09,SAYONA BLOWDRY SY-300,84,900,720,1
2023-05-09,NUNIX WARDROBE -88130,64,200,160,4
2023-05-09,VITRON 642,206,300,240,15
2023-05-09,VITRON 641,207,400,320,9
2023-05-09,NUNIX NH 01,381,500,400,9
2023-05-09,NUNIX 1722 ROOM HEATER,274,600,480,1
2023-05-09,LCD 7201 14-42,281,700,560,2
2023-05-09,WALL MOUNT HDL-117B-2,180,800,640,1
2023-05-09,BLENDER Y 44,303,900,720,4
2023-05-09,RN 4693 COOKER,359,200,160,15
2023-06-09,RASHNIK 1154,401,300,240,1
2023-06-09,NUNIX Q7,365,400,320,2
2023-06-09,NUNIX NH 01,381,500,400,1
2023-06-09,SCALE WITH ARM ACS 40,120,600,480,4
2023-06-09,ASPATEK HAIRCLIPPER GD-C2800,9,700,560,15
2023-06-09,NUNIX AK 300,364,800,640,9
2023-06-09,BLENDER Y 44,303,900,720,9
2023-06-09,SC 002,416,200,160,1
2023-06-09,NUNIX M7,88,300,240,2
2023-06-09,EUROCHEF G002B,418,400,320,1
2023-06-09,AILYONS KETTLE FK- 0301,5,500,400,4
2023-06-09,NUNIX SHOE RACK-YH8806-10,63,600,480,15
2023-06-09,LCD 7202 26- 63,391,700,560,1
2023-06-09,SAYONA IRONBOX 406,108,800,640,2
2023-06-09,NUNIX DISH RACK DR3S,310,900,720,1
2023-06-09,BLENDER Y 44,303,200,160,4
2023-07-09,NUNIX GI,417,300,240,15
2023-07-09,NUNIX DISPENSER- R5,51,400,320,9
2023-07-09,RASHNIK 1142,402,500,400,9
2023-07-09,AILYONS KETTLE FK- 0301,5,600,480,1
2023-07-09,NUNIX AK 300,364,700,560,2
2023-07-09,AK 301 NUNIX,208,800,640,1
2023-07-09,RASHNIK 1154,401,900,720,4
2023-07-09,SAYONA BLOWDRY SY-1000,85,200,160,15
2023-07-09,AILYONS 304,4,300,240,1
2023-07-09,AILYONS BLENDER 1731,199,400,320,2
2023-07-09,AILYONS KETTLE FK- 0301,5,500,400,1
2023-07-09,NUNIX DR3H,291,600,480,4
2023-07-09,SAYONA IRONBOX 406,108,700,560,15
2023-07-09,JSB T2 DECORDER,404,800,640,9
2023-08-09,ES 898A,252,900,720,9
2023-08-09,SAYONA BLOWDRY SY-800,66,200,160,1
2023-08-09,AILYONS KETTLE FK- 0301,5,300,240,2
2023-08-09,BLENDER Y 44,303,400,320,1
2023-08-09,EC K01,419,500,400,4
2023-08-09,SK 40 SAYONA,263,600,480,15
2023-08-09,NUNIX M7,88,700,560,1
2023-08-09,VITRON 635,373,800,640,2
2023-08-09,NUNIX BLENDER AK-100,37,900,720,1
2023-08-09,BLENDER Y 44,303,200,160,4
2023-08-09,SCALE WITH ARM ACS 40,120,300,240,15
2023-08-09,NUNIX 6S,415,400,320,9
2023-08-09,RN 4693 COOKER,359,500,400,9
2023-08-09,RASHNIK 4692,407,600,480,1
2023-08-09,RASHNIK 4690,405,700,560,2
2023-08-09,RASHNIK 4691,406,800,640,1
2023-08-09,JSB T2 DECORDER,404,900,720,4
2023-08-09,ASPATEK GDB 5800,414,200,160,15
2023-08-09,ASPATEK BLOWDRY GDB-6800,8,300,240,1
2023-08-09,NUNIX DR3H,291,400,320,2
2023-09-09,NUNIX DISH RACK DR3S,310,500,400,1
2023-09-09,SK 40 SAYONA,263,600,480,4
2023-09-09,SAYONA SK 2248,356,700,560,15
2023-09-09,BLENDER Y 44,303,800,640,9
2023-09-09,AILYONS KETTLE FK-0306,87,900,720,9
2023-09-09,NUNIX DISH RACK DR2S,307,200,160,1
2023-09-09,VITRON 642,206,300,240,2
2023-09-09,NUNIX 6S,415,400,320,1
2023-09-09,NUNIX SHOE RACK-YH8806-10,63,500,400,4
2023-09-09,RASHNIK 4690,405,600,480,15
2023-09-09,AILYONS BLENDER 1731,199,700,560,1
2023-09-09,AILYONS 304,4,800,640,2
2023-09-09,AILYONS KETTLE FK- 0301,5,900,720,1
2023-09-09,NUNIX BLENDER AK-100,37,200,160,4
2023-09-09,AILYONS 0310,217,300,240,15
2023-09-09,VITRON 643,376,400,320,9
2023-09-09,AILYONS KETTLE FK-0308,178,500,400,9
2023-09-09,SAYONA BLOWDRY SY-300,84,600,480,1
2023-09-09,NUNIX SHOE RACK-8806-8,62,700,560,2
2023-09-09,NUNIX SHOE RACK-YH8806-10,63,800,640,1
2023-10-09,LCD 7201 14-42,281,900,720,4
2023-10-09,NUNIX DISH RACK DR3S,310,200,160,15
2023-10-09,NUNIX OVEN E20-R,56,300,240,1
2023-10-09,RASHNIK 1142,402,400,320,2
2023-10-09,AILYONS KETTLE FK-0308,178,500,400,1
2023-10-09,EC K01,419,600,480,4
2023-10-09,SAYONA 2085,235,700,560,15
2023-10-09,ROCH RFR 120S B,328,800,640,9
2023-10-09,VITRON V 651,409,900,720,9
2023-10-09,AILYONS KETTLE FK- 0301,5,200,160,1
2023-10-09,AILYONS KETTLE FK- 0301,5,300,240,2
2023-10-09,AILYONS AFK 111 DISPENSER,192,400,320,1
2023-10-09,NUNIX OVEN E20-R,56,500,400,4
2023-10-09,BLENDER Y 44,303,600,480,15
2023-10-09,RASHNIK 1154,401,700,560,1
2023-10-09,NUNIX GG PRO GLASS,343,800,640,2
2023-10-09,AILYONS BLENDER 1731,199,900,720,1
2023-10-09,NUNIX BLENDER AK-100,37,200,160,4
2023-10-09,AILYONS KETTLE FK-0306,87,300,240,15
2023-10-09,BLENDER Y 44,303,400,320,9
2023-11-09,AILYONS KETTLE FK-0308,178,500,400,9
2023-11-09,AILYONS 0310,217,600,480,1
2023-11-09,AILYONS KETTLE FK-0308,178,700,560,2
2023-11-09,EC K01,419,800,640,1
2023-11-09,AILYONS KETTLE FK- 0301,5,900,720,4
2023-11-09,AILYONS 0310,217,200,160,15
2023-11-09,VITRON TV 4388,352,300,240,1
2023-11-09,WALLMOUNT SH-44T,164,400,320,2
2023-11-09,AILYONS KETTLE FK-0308,178,500,400,1
2023-11-09,AILYONS 0310,217,600,480,4
2023-11-09,NUNIX M1,34,700,560,15
2023-11-09,AILYONS KETTLE FK-0308,178,800,640,9
2023-11-09,AILYONS KETTLE FK- 0301,5,900,720,9
2023-11-09,AILYONS GS 014-1,360,200,160,1
2023-11-09,AILYONS KETTLE FK- 0301,5,300,240,2
2023-11-09,AK 301 NUNIX,208,400,320,1
2023-11-09,EC K01,419,500,400,4
2023-11-09,AILYONS KETTLE FK- 0301,5,600,480,15
2023-11-09,NUNIX M1,34,700,560,1
2023-11-09,AILYONS MICROWAVE-SC,92,800,640,2
2023-12-09,NUNIX BLENDER AK-100,37,900,720,1
2023-12-09,BLENDER Y 44,303,200,160,4
2023-12-09,AILYONS 0310,217,300,240,15
2023-12-09,NUNIX DR3H,291,400,320,9
2023-12-09,VITRON -V636,74,500,400,9
2023-12-09,AILYONS 0310,217,600,480,1
2023-12-09,RASHNIK 4692,407,700,560,2
2023-12-09,NUNIX WARDROBE -88130,64,800,640,1
2023-12-09,EC K01,419,900,720,4
2023-12-09,NUNIX R5 H N,51,200,160,15
2023-12-09,SAYONA BLOWDRY SY-300,84,300,240,1
2023-12-09,BLENDER Y 44,303,400,320,2
2023-12-09,SAYONA IRONBOX 406,108,500,400,1
2023-12-09,AILYONS KETTLE FK-0308,178,600,480,4
2023-12-09,EUROCHEF G002B,418,700,560,15
2023-12-09,AILYONS BLENDER 1731,199,800,640,9
2023-12-09,SAYONA BLOWDRY SY-1000,85,900,720,9
2023-12-09,SAYONA BLOWDRY SY-800,66,200,160,1
2023-12-09,AILYONS 0310,217,300,240,2
2023-12-09,EC K01,419,400,320,1
2023-12-09,AILYONS AFK 112,280,500,400,4
2023-12-09,AILYONS KETTLE FK-0308,178,600,480,15
2023-12-09,AILYONS AFK 112,280,700,560,1
2023-12-09,SC 002,416,800,640,2
2023-12-09,AILYONS 0310,217,900,720,1
13/9/2023,RASHNIK RN 2456,411,200,160,4
13/9/2023,SAYONA SB 4171,355,300,240,15
13/9/2023,JSB T2 DECORDER,404,400,320,9
13/9/2023,SC 002,416,500,400,9
13/9/2023,AILYONS IRON BOX-HD198A,93,600,480,1
13/9/2023,NUNIX DISPENSER -K1,50,700,560,2
13/9/2023,VITRON V 651,409,800,640,1
13/9/2023,VITRON 5201,385,900,720,4
13/9/2023,RASHNIK RN 2456,411,200,160,15
13/9/2023,AILYONS 0310,217,300,240,1
13/9/2023,SAYONA 2085,235,400,320,2
13/9/2023,AILYONS BLENDER 1731,199,500,400,1
14/9/2023,NUNIX DISH RACK DR3S,310,600,480,4
14/9/2023,VITRON TV 4388,352,700,560,15
14/9/2023,BLENDER Y 44,303,800,640,9
14/9/2023,AILYONS KETTLE FK- 0301,5,900,720,9
14/9/2023,NUNIX DISPENSER -K1,50,200,160,1
14/9/2023,AILYONS KETTLE FK- 0301,5,300,240,2
14/9/2023,AILYONS 0310,217,400,320,1
14/9/2023,6011 GREY BJS,272,500,400,4
14/9/2023,AILYONS 0310,217,600,480,15
14/9/2023,SAYONA SK 2248,356,700,560,1
14/9/2023,AILYONS AFK 111 DISPENSER,192,800,640,2
14/9/2023,NUNIX Q7,365,900,720,1
14/9/2023,NUNIX AK-100,37,200,160,4
15/9/2023,LCD 7201 14-42,281,300,240,15
15/9/2023,VITRON HTC 3200S,334,400,320,9
15/9/2023,VITRON 642,206,500,400,9
15/9/2023,AILYONS GS-013,135,600,480,1
15/9/2023,JSB T2 DECORDER,404,700,560,2
15/9/2023,VITRON-V5204,80,800,640,1
15/9/2023,AILYONS MICROWAVE-SC,92,900,720,4
15/9/2023,LCD 7201 14-42,281,200,160,15
15/9/2023,VIEGAPRO SGGMB1,420,300,240,1
15/9/2023,AILYONS KETTLE FK- 0301,5,400,320,2
15/9/2023,AILYONS KETTLE FK- 0301,5,500,400,1
15/9/2023,NUNIX R5 SILVER,227,600,480,4
15/9/2023,AILYONS KETTLE FK- 0301,5,700,560,15
15/9/2023,AILYONS IRON BOX-HD198A,93,800,640,9
15/9/2023,VITRON TV 4388,352,900,720,9
15/9/2023,AILYONS BLENDER 1731,199,200,160,1
15/9/2023,AILYONS 0310,217,300,240,2
15/9/2023,ASPATEK BLOWDRY GDB-6800,8,400,320,1
15/9/2023,ASPATEK GDB 5800,414,500,400,4
15/9/2023,SAYONA BLOWDRY SY-1000,85,600,480,15
16/9/2023,ROCH RFR 120S B,328,700,560,1
16/9/2023,VITRON TV 4388,352,800,640,2
16/9/2023,WALL MOUNT HDL-117B-2,180,900,720,1
16/9/2023,BLENDER Y 44,303,200,160,4
16/9/2023,NUNIX DR3H,291,300,240,15
16/9/2023,NUNIX SHOE RACK-YH8806-10,63,400,320,9
16/9/2023,AILYONS AFK 111 DISPENSER,192,500,400,9
16/9/2023,SONAR C7,225,600,480,1
16/9/2023,NUNIX R5 SILVER,227,700,560,2
16/9/2023,AILYONS 0310,217,800,640,1
16/9/2023,LCD 7201 14-42,281,900,720,4
16/9/2023,NUNIX M7,88,200,160,15
16/9/2023,VITRON 2446,393,300,240,1
16/9/2023,RASHNIK 4690,405,400,320,2
16/9/2023,BLENDER Y 44,303,500,400,1
16/9/2023,AILYONS IRON BOX-HD198A,93,600,480,4
16/9/2023,AILYONS KETTLE FK-0306,87,700,560,15
16/9/2023,AILYONS KETTLE FK-0308,178,800,640,9
16/9/2023,NUNIX DISH RACK DR3S,310,900,720,9
16/9/2023,NUNIX SHOE RACK-YH8806-10,63,200,160,1
16/9/2023,VITRON TV 4388,352,300,240,2
16/9/2023,WALLMOUNT SH-44T,164,400,320,1
16/9/2023,NUNIX WARDROBE -88130,64,500,400,4
16/9/2023,AILYONS AFK 112,280,600,480,15
16/9/2023,NU S5 NUNIX,342,700,560,1
16/9/2023,VIEGAPRO SGGMB1,420,800,640,2
16/9/2023,JSB T2 DECORDER,404,900,720,1
16/9/2023,NUNIX OVEN E20-R,56,200,160,4
16/9/2023,NUNIX SC-001,398,300,240,15
16/9/2023,RASHNIK 1154,401,400,320,9
17/9/2023,AILYONS KETTLE FK-0306,87,500,400,9
17/9/2023,AILYONS KETTLE FK- 0301,5,600,480,1
17/9/2023,AILYONS IRON BOX-HD198A,93,700,560,2
17/9/2023,BLENDER Y 44,303,800,640,1
17/9/2023,AILYONS 0310,217,900,720,4
17/9/2023,VITRON 643,376,200,160,15
17/9/2023,AILYONS 0310,217,300,240,1
17/9/2023,VITRON 643,376,400,320,2
17/9/2023,AILYONS MICROWAVE-SC,92,500,400,1
17/9/2023,NUNIX DISPENSER -K1,50,600,480,4
17/9/2023,VITRON-V5204,80,700,560,15
17/9/2023,SK 40 SAYONA,263,800,640,9
17/9/2023,NUNIX M1,34,900,720,9
17/9/2023,NUNIX M7,88,200,160,1
17/9/2023,VITRON TV 4388,352,300,240,2
17/9/2023,NUNIX HEATER 1231,58,400,320,1
17/9/2023,JSB T2 DECORDER,404,500,400,4
17/9/2023,EUROKEN 607,295,600,480,15
17/9/2023,NUNIX Q7,365,700,560,1
17/9/2023,NUNIX SHOE RACK-YH8806-10,63,800,640,2
18/9/2023,EUROCHEF G002B,418,900,720,1
18/9/2023,LCD 7201 14-42,281,200,160,4
18/9/2023,SCALE WITH ARM ACS 40,120,300,240,15
18/9/2023,EC K01,419,400,320,9
18/9/2023,VITRON HTC 3200S,334,500,400,9
18/9/2023,AILYONS KETTLE FK-0308,178,600,480,1
18/9/2023,RN 1604,292,700,560,2
18/9/2023,NUNIX GG PRO GLASS,343,800,640,1
18/9/2023,NUNIX GP 3 BURNER,380,900,720,4
18/9/2023,AILYONS GS 014-1,360,200,160,15
18/9/2023,SC 002,416,300,240,1
18/9/2023,SAYONA BLOWDRY SY-800,66,400,320,2
18/9/2023,ASPATEK BLOWDRY GDB-6800,8,500,400,1
18/9/2023,SAYONA IRONBOX 406,108,600,480,4
18/9/2023,VIEGAPRO SGGMB1,420,700,560,15
18/9/2023,EUROCHEF A01,375,800,640,9
18/9/2023,VITRON HTC 3200S,334,900,720,9
18/9/2023,AILYONS HD 199,215,200,160,1
18/9/2023,SC 002,416,300,240,2
19/9/2023,AILYONS KETTLE FK-0306,87,400,320,1
19/9/2023,AILYONS GS 014-1,360,500,400,4
19/9/2023,AILYONS IRON BOX-HD198A,93,600,480,15
19/9/2023,BLENDER Y 44,303,700,560,1
19/9/2023,AILYONS KETTLE FK- 0301,5,800,640,2
19/9/2023,SAYONA IRONBOX 407,109,900,720,1
19/9/2023,NUNIX DR3H,291,200,160,4
19/9/2023,DISH RACK DR2H,344,300,240,15
19/9/2023,NUNIX DISH RACK DR3S,310,400,320,9
19/9/2023,NUNIX DISH RACK DR2S,307,500,400,9
19/9/2023,AILYONS KETTLE FK- 0301,5,600,480,1
19/9/2023,AILYONS KETTLE FK-0308,178,700,560,2
19/9/2023,RASHNIK RN 1509,412,800,640,1
19/9/2023,AILYONS KETTLE FK-0306,87,900,720,4
19/9/2023,SAYONA 2085,235,200,160,15
19/9/2023,AILYONS IRON BOX-HD198A,93,300,240,1
20/9/2023,VITRON HTC 3200S,334,400,320,2
20/9/2023,BLENDER Y 44,303,500,400,1
20/9/2023,AILYONS AFK 112,280,600,480,4
20/9/2023,DIGITAL SCALE-FLAT,107,700,560,15
20/9/2023,AILYONS IRON BOX-HD198A,93,800,640,9
20/9/2023,AILYONS KETTLE FK-0308,178,900,720,9
20/9/2023,SCALE WITH ARM ACS 40,120,200,160,1
20/9/2023,NUNIX SHOE RACK-8806-8,62,300,240,2
20/9/2023,LCD 7201 14-42,281,400,320,1
20/9/2023,NUNIX M7,88,500,400,4
20/9/2023,AILYONS GS 014-1,360,600,480,15
20/9/2023,AILYONS KETTLE FK- 0301,5,700,560,1
20/9/2023,SAYONA BLOWDRY SY-300,84,800,640,2
20/9/2023,AILYONS HD 199,215,900,720,1
20/9/2023,LCD 7201 14-42,281,200,160,4
21/9/2023,AILYONS KETTLE FK-0306,87,300,240,15
21/9/2023,RASHNIK 1154,401,400,320,9
21/9/2023,AILYONS AFK 112,280,500,400,9
21/9/2023,VITRON HTC 3200S,334,600,480,1
21/9/2023,AILYONS 0310,217,700,560,2
21/9/2023,AILYONS KETTLE FK-0308,178,800,640,1
21/9/2023,NUNIX WARDROBE -88130,64,900,720,4
21/9/2023,VIEGAPRO SGGMB1,420,200,160,15
21/9/2023,LCD 7202 26- 63,391,300,240,1
21/9/2023,ASPATEK GDB 5800,414,400,320,2
21/9/2023,AILYONS KETTLE FK-0306,87,500,400,1
21/9/2023,VITRON FRIDGE 128DS,293,600,480,4
21/9/2023,AILYONS IRON BOX-HD198A,93,700,560,15
21/9/2023,NUNIX GP 3 BURNER,380,800,640,9
21/9/2023,VITRON 5568,384,900,720,9
22/9/2023,AILYONS 0310,217,200,160,1
22/9/2023,AILYONS KETTLE FK-0308,178,300,240,2
22/9/2023,AILYONS IRON BOX-HD198A,93,400,320,1
22/9/2023,AILYONS HD 199,215,500,400,4
22/9/2023,NUNIX SHOE RACK-8806-8,62,600,480,15
22/9/2023,AILYONS KETTLE FK- 0301,5,700,560,1
22/9/2023,VITRON 653,387,800,640,2
22/9/2023,VITRON -V636,74,900,720,1
22/9/2023,VITRON HTC 3200S,334,200,160,4
22/9/2023,VIEGAPRO SGGMB1,420,300,240,15
22/9/2023,NUNIX DISPENSER -K1,50,400,320,9
22/9/2023,SAYONA IRONBOX 406,108,500,400,9
22/9/2023,NUNIX AK 200,363,600,480,1
22/9/2023,EUROCHEF A01,375,700,560,2
22/9/2023,AILYONS KETTLE FK-0308,178,800,640,1
22/9/2023,VITRON HTC 3200S,334,900,720,4
22/9/2023,AILYONS AFK 112,280,200,160,15
22/9/2023,VITRON HTC 3200S,334,300,240,1
23/9/2023,AILYONS KETTLE FK- 0301,5,400,320,2
23/9/2023,AILYONS 0310,217,500,400,1
23/9/2023,AILYONS KETTLE FK- 0301,5,600,480,4
23/9/2023,NUNIX R5 SILVER,227,700,560,15
23/9/2023,AILYONS AFK 111 DISPENSER,192,800,640,9
23/9/2023,AILYONS KETTLE FK- 0301,5,900,720,9
23/9/2023,AILYONS HD 199,215,200,160,1
23/9/2023,NUNIX GG PRO GLASS,343,300,240,2
23/9/2023,AILYONS KETTLE FK-0306,87,400,320,1
23/9/2023,AILYONS KETTLE FK-0308,178,500,400,4
23/9/2023,NUNIX SC-001,398,600,480,15
23/9/2023,EC K01,419,700,560,1
23/9/2023,VITRON TV 4388,352,800,640,2
23/9/2023,VITRON-527,140,900,720,1
23/9/2023,LCD 7201 14-42,281,200,160,4
23/9/2023,LCD 7202 26- 63,391,300,240,15
23/9/2023,NUNIX M1,34,400,320,9
23/9/2023,NUNIX AK 300,364,500,400,9
23/9/2023,AILYONS BLENDER 1731,199,600,480,1
23/9/2023,NUNIX GG PRO GLASS,343,700,560,2
23/9/2023,LCD 7201 14-42,281,800,640,1
23/9/2023,AILYONS AFK 112,280,900,720,4
23/9/2023,VITRON TV 4388,352,200,160,15
23/9/2023,AILYONS MICROWAVE-SC,92,300,240,1
23/9/2023,DIGITAL SCALE-FLAT,107,400,320,2
23/9/2023,SCALE WITH ARM ACS 40,120,500,400,1
23/9/2023,NUNIX Q7,365,600,480,4
24/9/2023,NUNIX Q7,365,700,560,15
24/9/2023,AILYONS GS-013,135,800,640,9
24/9/2023,NUNIX AK-100,37,900,720,9
24/9/2023,NUNIX COOKER SS-001,45,200,160,1
24/9/2023,SC 002,416,300,240,2
24/9/2023,BLENDER Y 44,303,400,320,1
24/9/2023,NUNIX SHOE RACK-8806-8,62,500,400,4
24/9/2023,VITRON TV 4388,352,600,480,15
24/9/2023,AILYONS KETTLE FK- 0301,5,700,560,1
24/9/2023,LCD 7201 14-42,281,800,640,2
24/9/2023,RASHNIK 1142,402,900,720,1
24/9/2023,AILYONS KETTLE FK- 0301,5,200,160,4
24/9/2023,AILYONS GS 014-1,360,300,240,15
24/9/2023,DIGITAL SCALE-FLAT,107,400,320,9
24/9/2023,VITRON 652,377,500,400,9
24/9/2023,SAYONA BLOWDRY SY-800,66,600,480,1
25/9/2023,ASPATEK BLOWDRY GDB-6800,8,700,560,2
25/9/2023,AILYONS 0310,217,800,640,1
25/9/2023,SCALE WITH ARM ACS 40,120,900,720,4
25/9/2023,AILYONS KETTLE FK-0308,178,200,160,15
25/9/2023,AILYONS AFK 112,280,300,240,1
25/9/2023,RASHNIK RN 1509,412,400,320,2
25/9/2023,AILYONS GS 014-1,360,500,400,1
25/9/2023,AILYONS AFK 111 DISPENSER,192,600,480,4
25/9/2023,SONAR K6C,226,700,560,15
25/9/2023,SAYONA BLOWDRY SY-800,66,800,640,9
25/9/2023,NUNIX NH 01,381,900,720,9
25/9/2023,NUNIX NH 02,425,200,160,1
25/9/2023,NUNIX DISPENSER -K1,50,300,240,2
25/9/2023,SAYONA BLOWDRY SY-300,84,400,320,1
26/9/2023,AILYONS GS 014-1,360,500,400,4
26/9/2023,NUNIX AK-100,37,600,480,15
26/9/2023,NUNIX AK 300,364,700,560,1
26/9/2023,NUNIX NH 02,425,800,640,2
26/9/2023,AILYONS KETTLE FK- 0301,5,900,720,1
26/9/2023,EC K01,419,200,160,4
26/9/2023,NUNIX 560 3G1E,421,300,240,15
26/9/2023,VITRON-527,140,400,320,9
26/9/2023,NUNIX AK 300,364,500,400,9
26/9/2023,AILYONS IRON BOX-HD198A,93,600,480,1
26/9/2023,VITRON-V5204,80,700,560,2
26/9/2023,NUNIX WARDROBE -88130,64,800,640,1
26/9/2023,NUNIX DR3H,291,900,720,4
26/9/2023,DISH RACK DR2H,344,200,160,15
26/9/2023,WALLMOUNT SH-44T,164,300,240,1
26/9/2023,NUNIX HEATER 1231,58,400,320,2
26/9/2023,NUNIX HEATER 1722S,274,500,400,1
26/9/2023,AILYONS HD 199,215,600,480,4
26/9/2023,AILYONS IRON BOX-HD198A,93,700,560,15
26/9/2023,AILYONS KETTLE FK-0306,87,800,640,9
27/9/2023,SONAR K6C,226,900,720,9
27/9/2023,NUNIX NH 02,425,200,160,1
27/9/2023,NUNIX M7,88,300,240,2
27/9/2023,AILYONS BLENDER 1731,199,400,320,1
27/9/2023,EC K01,419,500,400,4
27/9/2023,AILYONS KETTLE FK- 0301,5,600,480,15
27/9/2023,NUNIX GI,417,700,560,1
27/9/2023,VITRON 642,206,800,640,2
27/9/2023,NUNIX SHOE RACK-8806-8,62,900,720,1
27/9/2023,AILYONS IRON BOX-HD198A,93,200,160,4
27/9/2023,NUNIX R38,422,300,240,15
27/9/2023,VITRON-V5204,80,400,320,9
27/9/2023,LCD 7201 14-42,281,500,400,9
27/9/2023,SONAR K6C,226,600,480,1
27/9/2023,AILYONS AFK 111 DISPENSER,192,700,560,2
27/9/2023,NUNIX AK 300,364,800,640,1
27/9/2023,NUNIX AK 200,363,900,720,4
27/9/2023,AILYONS BLENDER 1731,199,200,160,15
27/9/2023,EC K01,419,300,240,1
27/9/2023,AILYONS KETTLE FK-0306,87,400,320,2
28/9/2023,NUNIX SC-001,398,500,400,1
28/9/2023,SC 002,416,600,480,4
28/9/2023,RASHNIK RN 1509,412,700,560,15
28/9/2023,AILYONS KETTLE FK- 0301,5,800,640,9
28/9/2023,NUNIX SHOE RACK-8806-8,62,900,720,9
28/9/2023,NUNIX OVEN E20-R,56,200,160,1
28/9/2023,EC K01,419,300,240,2
28/9/2023,NUNIX SHOE RACK-8806-8,62,400,320,1
28/9/2023,KJ 402,350,500,400,4
28/9/2023,AILYONS 0310,217,600,480,15
28/9/2023,EUROCHEF G002B,418,700,560,1
28/9/2023,NUNIX R38,422,800,640,2
28/9/2023,NUNIX DR3H,291,900,720,1
28/9/2023,DISH RACK DR2H,344,200,160,4
28/9/2023,NUNIX GG PRO GLASS,343,300,240,15
28/9/2023,NUNIX AK 301,208,400,320,9
28/9/2023,NUNIX DISH RACK DR2S,307,500,400,9
28/9/2023,AILYONS IRON BOX-HD198A,93,600,480,1
28/9/2023,VITRON FRIDGE 128DS,293,700,560,2
28/9/2023,AILYONS 0310,217,800,640,1
28/9/2023,VITRON HTC 3218 TV,332,900,720,4
28/9/2023,SAYONA IRONBOX 406,108,200,160,15
28/9/2023,NUNIX RH-588,392,300,240,1
28/9/2023,EC K01,419,400,320,2
28/9/2023,VITRON 642,206,500,400,1
28/9/2023,AILYONS 0310,217,600,480,4
28/9/2023,NUNIX WARDROBE -88130,64,700,560,15
28/9/2023,LCD 7201 14-42,281,800,640,9
28/9/2023,LCD 7202 26- 63,391,900,720,9
28/9/2023,AILYONS HD 199,215,200,160,1
29/9/2023,JSB T2 DECORDER,404,300,240,2
29/9/2023,AILYONS MICROWAVE-SC,92,400,320,1
29/9/2023,SAYONA SB 4245,358,500,400,4
29/9/2023,AILYONS HD 199,215,600,480,15
29/9/2023,SONAR C7,225,700,560,1
29/9/2023,AILYONS KETTLE FK- 0301,5,800,640,2
29/9/2023,AILYONS KETTLE FK-0308,178,900,720,1
29/9/2023,RASHNIK 1154,401,200,160,4
29/9/2023,NUNIX KJ 102,426,300,240,15
29/9/2023,NUNIX AK-100,37,400,320,9
29/9/2023,NUNIX AK-100,37,500,400,9
29/9/2023,AILYONS KETTLE FK- 0301,5,600,480,1
29/9/2023,NUNIX AK-100,37,700,560,2
29/9/2023,NUNIX AK-100,37,800,640,1
29/9/2023,SCALE WITH ARM ACS 40,120,900,720,4
29/9/2023,AILYONS IRON BOX-HD198A,93,200,160,15
29/9/2023,AILYONS IRON BOX-HD198A,93,300,240,1
29/9/2023,AILYONS IRON BOX-HD198A,93,400,320,2
29/9/2023,VITRON HTC 3218 TV,332,500,400,1
29/9/2023,VITRON V 651,409,600,480,4
30/9/2023,SONAR C7,225,700,560,15
30/9/2023,VIEGAPRO SGGMB1,420,800,640,9
30/9/2023,4 IN 1 SB 3555,347,900,720,9
30/9/2023,SAYONA SB 4171,355,200,160,1
30/9/2023,AILYONS BLENDER 1731,199,300,240,2
30/9/2023,SK 40 SAYONA,263,400,320,1
30/9/2023,NUNIX DISPENSER -K1,50,500,400,4
30/9/2023,AILYONS KETTLE FK-0308,178,600,480,15
30/9/2023,AILYONS HD 199,215,700,560,1
30/9/2023,SAYONA BLOWDRY SY-1000,85,800,640,2
30/9/2023,VITRON-V5204,80,900,720,1
30/9/2023,JSB T2 DECORDER,404,200,160,4
30/9/2023,VON DRY IRON BOX-VSID11BCY,179,300,240,15
30/9/2023,AILYONS IRON BOX-HD198A,93,400,320,9
30/9/2023,SONAR C7,225,500,400,9
30/9/2023,NUNIX K7,366,600,480,1
30/9/2023,AILYONS IRON BOX-HD198A,93,700,560,2
30/9/2023,SAYONA IRONBOX 406,108,800,640,1
30/9/2023,AILYONS KETTLE FK- 0301,5,900,720,4
30/9/2023,AILYONS BLENDER 1731,199,200,160,15
30/9/2023,AILYONS IRON BOX-HD198A,93,300,240,1
30/9/2023,AILYONS KETTLE FK- 0301,5,400,320,2
30/9/2023,NUNIX AK-100,37,500,400,1
30/9/2023,SAYONA 2085,235,600,480,4
30/9/2023,NUNIX AK-100,37,700,560,15
30/9/2023,AILYONS KETTLE FK-0306,87,800,640,9
30/9/2023,WALLMOUNT SH-42T,106,900,720,9
30/9/2023,AILYONS HD 199,215,200,160,1
30/9/2023,AILYONS IRON BOX-HD198A,93,300,240,2
30/9/2023,AILYONS KETTLE FK-0306,87,400,320,1
2023-01-10,AILYONS BLENDER 1731,199,500,400,4
2023-01-10,VITRON TV 4388,352,600,480,15
2023-01-10,RASHNIK 4692,407,700,560,1
2023-01-10,AILYONS AFK 112,280,800,640,2
2023-01-10,AILYONS MICROWAVE-SC,92,900,720,1
2023-01-10,SAYONA 2084,234,200,160,4
2023-01-10,AILYONS 0310,217,300,240,15
2023-01-10,SONAR K6C,226,400,320,9
2023-01-10,NUNIX M7,88,500,400,9
2023-01-10,SAYONA 2085,235,600,480,1
2023-01-10,SH 20T,249,700,560,2
2023-01-10,6011 GREY BJS,272,800,640,1
2023-01-10,VITRON HTC 3200S,334,900,720,4
2023-01-10,AILYONS IRON BOX-HD198A,93,200,160,15
2023-01-10,AILYONS HD 199,215,300,240,1
2023-01-10,AILYONS IRON BOX-HD198A,93,400,320,2
2023-01-10,NUNIX OVEN E20-R,56,500,400,1
2023-01-10,VITRON HTC 3200S,334,600,480,4
2023-01-10,ASPATEK HAIRCLIPPER GD-C2800,9,700,560,15
2023-01-10,VITRON FRIDGE 128DS,293,800,640,9
2023-01-10,NUNIX Q7,365,900,720,9
2023-01-10,AILYON TYB 201,427,200,160,1
2023-01-10,AILYON TYB 201,427,300,240,2
2023-01-10,VITRON HTC 3200S,334,400,320,1
2023-01-10,AILYONS KETTLE FK- 0301,5,500,400,4
2023-02-10,SAYONA BLOWDRY SY-1000,85,600,480,15
2023-02-10,AILYONS 0310,217,700,560,1
2023-02-10,AILYONS AFK 112,280,800,640,2
2023-02-10,NUNIX WARDROBE -88130,64,900,720,1
2023-02-10,AILYONS HD 199,215,200,160,4
2023-02-10,AILYONS KETTLE FK- 0301,5,300,240,15
2023-02-10,JSB T2 DECORDER,404,400,320,9
2023-02-10,SONAR K6C,226,500,400,9
2023-02-10,SCALE WITH ARM ACS 40,120,600,480,1
2023-02-10,ASPATEK GDB 5800,414,700,560,2
2023-02-10,NUNIX AK-100,37,800,640,1
2023-02-10,AILYONS KETTLE FK-0308,178,900,720,4
2023-02-10,NUNIX R38,422,200,160,15
2023-02-10,LCD 7201 14-42,281,300,240,1
2023-02-10,SH 20T,249,400,320,2
2023-03-10,AILYON TYB 201,427,500,400,1
2023-03-10,SH 20T,249,600,480,4
2023-03-10,VITRON HTC 3200S,334,700,560,15
2023-03-10,AILYONS 0310,217,800,640,9
2023-03-10,AILYON TYB 201,427,900,720,9
2023-03-10,AILYONS IRON BOX-HD198A,93,200,160,1
2023-03-10,AILYONS IRON BOX-HD198A,93,300,240,2
2023-03-10,AILYONS HD 199,215,400,320,1
2023-03-10,VITRON HTC 3218 TV,332,500,400,4
2023-03-10,AILYONS AFK 111 DISPENSER,192,600,480,15
2023-03-10,RN 4693 COOKER,359,700,560,1
2023-03-10,AILYONS GS 014-1,360,800,640,2
2023-03-10,VITRON 652,377,900,720,1
2023-03-10,VITRON 653,387,200,160,4
2023-03-10,SAYONA BLOWDRY SY-1000,85,300,240,15
2023-03-10,RN 1604,292,400,320,9
2023-03-10,SAYONA SB 4171,355,500,400,9
2023-03-10,AILYONS MICROWAVE-SC,92,600,480,1
2023-03-10,SAYONA SK 2248,356,700,560,2
2023-03-10,EC K01,419,800,640,1
2023-04-10,LCD 7202 26- 63,391,900,720,4
2023-04-10,AILYONS KETTLE FK-0306,87,200,160,15
2023-04-10,VIEGAPRO SGGMB1,420,300,240,1
2023-04-10,LCD 7201 14-42,281,400,320,2
2023-04-10,AILYONS KETTLE FK- 0301,5,500,400,1
2023-04-10,RASHNIK 1154,401,600,480,4
2023-04-10,AILYONS HD 199,215,700,560,15
2023-04-10,AILYONS IRON BOX-HD198A,93,800,640,9
2023-04-10,SAYONA BLOWDRY SY-800,66,900,720,9
2023-04-10,SAYONA IRONBOX 407,109,200,160,1
2023-04-10,SAYONA 2085,235,300,240,2
2023-04-10,SAYONA SK 2248,356,400,320,1
2023-05-10,AILYONS HD 199,215,500,400,4
2023-05-10,AILYONS IRON BOX-HD198A,93,600,480,15
2023-05-10,NUNIX AK-100,37,700,560,1
2023-05-10,NUNIX AK-100,37,800,640,2
2023-05-10,RASHNIK 4692,407,900,720,1
2023-05-10,AILYONS IRON BOX-HD198A,93,200,160,4
2023-05-10,SC 002,416,300,240,15
2023-05-10,JSB T2 DECORDER,404,400,320,9
2023-05-10,AILYONS HD 199,215,500,400,9
2023-05-10,AILYONS IRON BOX-HD198A,93,600,480,1
2023-05-10,AILYONS GS-013,135,700,560,2
2023-05-10,AILYONS AFK 112,280,800,640,1
2023-05-10,AILYONS AFK 112,280,900,720,4
2023-05-10,AILYONS GS 014-1,360,200,160,15
2023-05-10,AILYONS HD 199,215,300,240,1
2023-05-10,AILYONS HD 199,215,400,320,2
2023-05-10,6011 BROWN BJS,424,500,400,1
2023-05-10,WALLMOUNT SH-44T,164,600,480,4
2023-06-10,NUNIX SHOE RACK-8806-8,62,700,560,15
2023-06-10,SAYONA BLOWDRY SY-300,84,800,640,9
2023-06-10,NUNIX AIR FRYER AF 05,351,900,720,9
2023-06-10,NUNIX AK-100,37,200,160,1
2023-06-10,AILYONS IRON BOX-HD198A,93,300,240,2
2023-06-10,AILYONS KETTLE FK-0306,87,400,320,1
2023-06-10,NUNIX DISH RACK DR3S,310,500,400,4
2023-06-10,AILYONS HD 199,215,600,480,15
2023-06-10,AILYONS IRON BOX-HD198A,93,700,560,1
2023-06-10,SAYONA SB 4496,357,800,640,2
2023-06-10,SAYONA IRONBOX 406,108,900,720,1
2023-06-10,VITRON 642,206,200,160,4
2023-06-10,AILYONS MICROWAVE-SC,92,300,240,15
2023-06-10,AILYONS KETTLE FK- 0301,5,400,320,9
2023-06-10,AILYONS MICROWAVE-SC,92,500,400,9
2023-06-10,NUNIX GI,417,600,480,1
2023-07-10,AILYONS 0310,217,700,560,2
2023-07-10,VITRON 642,206,800,640,1
2023-07-10,AILYONS 0310,217,900,720,4
2023-07-10,NUNIX WARDROBE -88130,64,200,160,15
2023-07-10,AILYONS KETTLE FK-0306,87,300,240,1
2023-07-10,SC 002,416,400,320,2
2023-07-10,NUNIX AK-100,37,500,400,1
2023-07-10,NUNIX GP 3 BURNER,380,600,480,4
2023-07-10,AILYONS IRON BOX-HD198A,93,700,560,15
2023-07-10,AILYONS AFK 111 DISPENSER,192,800,640,9
2023-07-10,EC K01,419,900,720,9
2023-07-10,AILYONS HD 199,215,200,160,1
2023-07-10,AILYONS HD 199,215,300,240,2
2023-07-10,NUNIX Q7,365,400,320,1
2023-07-10,AILYONS KETTLE FK- 0301,5,500,400,4
2023-07-10,NUNIX AK-100,37,600,480,15
2023-07-10,AILYONS GS 014-1,360,700,560,1
2023-07-10,NUNIX GG PRO GLASS,343,800,640,2
2023-07-10,AILYONS AFK 112,280,900,720,1
2023-07-10,AILYON TYB 201,427,200,160,4
2023-08-10,AILYONS IRON BOX-HD198A,93,300,240,15
2023-08-10,NUNIX NH 01,381,400,320,9
2023-08-10,JSB T2 DECORDER,404,500,400,9
2023-08-10,NUNIX NH 01,381,600,480,1
2023-08-10,SC 002,416,700,560,2
2023-08-10,NUNIX GG PRO GLASS,343,800,640,1
2023-08-10,VIEGAPRO SGGMB1,420,900,720,4
2023-08-10,LCD 7201 14-42,281,200,160,15
2023-08-10,LCD 7202 26- 63,391,300,240,1
2023-08-10,AILYONS HD 199,215,400,320,2
2023-08-10,AILYONS KETTLE FK- 0301,5,500,400,1
2023-08-10,SC 002,416,600,480,4
2023-08-10,AILYONS IRON BOX-HD198A,93,700,560,15
2023-08-10,AILYONS 0316,428,800,640,9
2023-08-10,AILYONS 0316,428,900,720,9
2023-08-10,AILYONS 0316,428,200,160,1
2023-08-10,AILYONS 0316,428,300,240,2
2023-08-10,RN 4693 COOKER,359,400,320,1
2023-08-10,AILYONS 0310,217,500,400,4
2023-09-10,NUNIX M7,88,600,480,15
2023-09-10,NUNIX AK-100,37,700,560,1
2023-09-10,VITRON HTC 3218 TV,332,800,640,2
2023-09-10,AILYONS MICROWAVE-SC,92,900,720,1
2023-09-10,LCD 7201 14-42,281,200,160,4
2023-09-10,RASHNIK 1154,401,300,240,15
2023-09-10,NUNIX GI,417,400,320,9
2023-09-10,RASHNIK 1154,401,500,400,9
2023-09-10,AILYONS MICROWAVE-SC,92,600,480,1
2023-09-10,AILYONS KETTLE FK- 0301,5,700,560,2
2023-09-10,NUNIX AK-100,37,800,640,1
2023-09-10,AILYONS KETTLE FK- 0301,5,900,720,4
2023-09-10,EC K01,419,200,160,15
2023-09-10,RASHNIK 1154,401,300,240,1
2023-09-10,JSB T2 DECORDER,404,400,320,2
2023-09-10,NUNIX 8803 5,383,500,400,1
2023-09-10,NUNIX Q7,365,600,480,4
2023-09-10,SONAR K6C,226,700,560,15
2023-09-10,NUNIX M1,34,800,640,9
2023-09-10,VITRON 643,376,900,720,9
2023-10-10,VITRON FRIDGE 128DS,293,200,160,1
2023-10-10,VITRON 5568,384,300,240,2
2023-10-10,AILYONS KETTLE FK- 0301,5,400,320,1
2023-10-10,AILYONS 0310,217,500,400,4
2023-10-10,NUNIX DISH RACK DR2S,307,600,480,15
2023-10-10,NUNIX GG PRO GLASS,343,700,560,1
2023-10-10,VIEGAPRO SGGMB1,420,800,640,2
2023-10-10,NUNIX DR3H,291,900,720,1
2023-10-10,NUNIX R5 SILVER,227,200,160,4
2023-10-10,NUNIX DR3H,291,300,240,15
2023-10-10,DISH RACK DR2H,344,400,320,9
2023-10-10,AILYONS KETTLE FK- 0301,5,500,400,9
2023-10-10,AILYONS KETTLE FK-0306,87,600,480,1
2023-10-10,AILYONS 0310,217,700,560,2
2023-10-10,AILYONS 0310,217,800,640,1
2023-10-10,SAYONA 2084,234,900,720,4
2023-10-10,AILYONS AFK 112,280,200,160,15
2023-10-10,NUNIX SHOE RACK-8806-8,62,300,240,1
2023-10-10,SAYONA BLOWDRY SY-300,84,400,320,2
2023-10-10,AILYONS 0310,217,500,400,1
2023-10-10,AILYONS MICROWAVE-SC,92,600,480,4
2023-11-10,NUNIX Q7,365,700,560,15
2023-11-10,AILYONS KETTLE FK- 0301,5,800,640,9
2023-11-10,NUNIX M1,34,900,720,9
2023-11-10,SONAR K6C,226,200,160,1
2023-11-10,RASHNIK 4690,405,300,240,2
2023-11-10,SAYONA BLOWDRY SY-1000,85,400,320,1
2023-11-10,EUROCHEF G002B,418,500,400,4
2023-11-10,AILYONS HD 199,215,600,480,15
2023-11-10,AILYONS KETTLE FK- 0301,5,700,560,1
2023-11-10,NUNIX M1,34,800,640,2
2023-11-10,NUNIX M7,88,900,720,1
2023-11-10,NUNIX DISPENSER -K1,50,200,160,4
2023-11-10,AILYONS KETTLE FK- 0301,5,300,240,15
2023-11-10,NUNIX NH 01,381,400,320,9
2023-11-10,NUNIX NH 01,381,500,400,9
2023-11-10,AILYONS HD 199,215,600,480,1
2023-11-10,NUNIX DR3H,291,700,560,2
2023-11-10,AILYONS BLENDER 1731,199,800,640,1
2023-11-10,VITRON HTC 3218 TV,332,900,720,4
2023-11-10,AILYONS HD 199,215,200,160,15
2023-11-10,NUNIX DISPENSER-Z58,136,300,240,1
2023-12-10,SAYONA IRONBOX 406,108,400,320,2
2023-12-10,AILYONS HD 199,215,500,400,1
2023-12-10,SH 20T,249,600,480,4
2023-12-10,NUNIX DISPENSER -K1,50,700,560,15
2023-12-10,AILYONS MICROWAVE-SC,92,800,640,9
2023-12-10,NUNIX AK-100,37,900,720,9
2023-12-10,SCALE WITH ARM ACS 40,120,200,160,1
2023-12-10,AILYONS 0310,217,300,240,2
2023-12-10,AILYONS IRON BOX-HD198A,93,400,320,1
2023-12-10,NUNIX R5 C,52,500,400,4
2023-12-10,NUNIX DR3H,291,600,480,15
2023-12-10,ASPATEK GDB 5800,414,700,560,1
2023-12-10,AILYON TYB 201,427,800,640,2
2023-12-10,VITRON FRIDGE 128DS,293,900,720,1
2023-12-10,NUNIX NH 01,381,200,160,4
2023-12-10,AILYONS BLENDER 1731,199,300,240,15
2023-12-10,AILYONS IRON BOX-HD198A,93,400,320,9
2023-12-10,AILYONS KETTLE FK-0306,87,500,400,9
2023-12-10,NUNIX 6S,415,600,480,1
2023-12-10,NUNIX NH 02,425,700,560,2
2023-12-10,AILYONS AFK 112,280,800,640,1
2023-12-10,AILYONS HD 199,215,900,720,4
2023-12-10,LCD 7201 14-42,281,200,160,15
2023-12-10,EC K01,419,300,240,1
2023-12-10,AILYONS HD 199,215,400,320,2
2023-12-10,RASHNIK 1154,401,500,400,1
13/10/2023,ASPATEK BLOWDRY GDB-6800,8,600,480,4
13/10/2023,SAYONA BLOWDRY SY-300,84,700,560,15
13/10/2023,AILYONS IRON BOX-HD198A,93,800,640,9
13/10/2023,EUROCHEF G002B,418,900,720,9
13/10/2023,SC 002,416,200,160,1
13/10/2023,NUNIX DISH RACK DR3S,310,300,240,2
13/10/2023,RASHNIK RN 1509,412,400,320,1
13/10/2023,LCD 7201 14-42,281,500,400,4
13/10/2023,AILYONS AFK 111 DISPENSER,192,600,480,15
13/10/2023,SONAR C7,225,700,560,1
13/10/2023,NUNIX DISPENSER-Z58,136,800,640,2
14/10/2023,AILYONS MICROWAVE-SC,92,900,720,1
14/10/2023,EUROCHEF G002B,418,200,160,4
14/10/2023,SAYONA 1131,390,300,240,15
14/10/2023,AILYONS 0316,428,400,320,9
14/10/2023,AILYONS KETTLE FK-0306,87,500,400,9
14/10/2023,NUNIX SC-001,398,600,480,1
14/10/2023,EUROCHEF G002B,418,700,560,2
14/10/2023,SAYONA BLOWDRY SY-300,84,800,640,1
14/10/2023,NUNIX NH 01,381,900,720,4
14/10/2023,NUNIX GI,417,200,160,15
14/10/2023,AILYONS IRON BOX-HD198A,93,300,240,1
14/10/2023,AILYONS 0310,217,400,320,2
14/10/2023,AILYON TYB 201,427,500,400,1
15/10/2023,AILYONS HD 199,215,600,480,4
15/10/2023,AILYONS KETTLE FK-0306,87,700,560,15
15/10/2023,NUNIX SHOE RACK-8806-8,62,800,640,9
15/10/2023,6011 GREY BJS,272,900,720,9
15/10/2023,NUNIX 560 3G1E,421,200,160,1
15/10/2023,AILYONS AFK 112,280,300,240,2
15/10/2023,VITRON 643,376,400,320,1
15/10/2023,AILYONS 0316,428,500,400,4
15/10/2023,EC K01,419,600,480,15
15/10/2023,NUNIX GG PRO GLASS,343,700,560,1
15/10/2023,NUNIX DISH RACK DR2S,307,800,640,2
15/10/2023,AILYONS IRON BOX-HD198A,93,900,720,1
15/10/2023,NUNIX NH 01,381,200,160,4
15/10/2023,NUNIX NH 02,425,300,240,15
15/10/2023,EUROCHEF G002B,418,400,320,9
15/10/2023,AILYONS GS 014-1,360,500,400,9
15/10/2023,DIGITAL SCALE-FLAT,107,600,480,1
16/10/2023,SCALE WITH ARM ACS 40,120,700,560,2
16/10/2023,SAYONA SB 4496,357,800,640,1
16/10/2023,SAYONA 2084,234,900,720,4
16/10/2023,AILYONS IRON BOX-HD198A,93,200,160,15
16/10/2023,AILYONS 0310,217,300,240,1
16/10/2023,AILYONS HD 199,215,400,320,2
16/10/2023,NUNIX GG PRO GLASS,343,500,400,1
16/10/2023,AILYONS HD 199,215,600,480,4
16/10/2023,NUNIX DISPENSER -K1,50,700,560,15
16/10/2023,AILYONS IRON BOX-HD198A,93,800,640,9
16/10/2023,EUROKEN 607,295,900,720,9
16/10/2023,VITRON 643,376,200,160,1
16/10/2023,SAYONA BLOWDRY SY-300,84,300,240,2
16/10/2023,ASPATEK HAIRCLIPPER GD-C2800,9,400,320,1
16/10/2023,AILYON TYB 201,427,500,400,4
16/10/2023,JSB T2 DECORDER,404,600,480,15
16/10/2023,VITRON -V636,74,700,560,1
16/10/2023,VITRON VDR208DS,430,800,640,2
16/10/2023,SAYONA 2084,234,900,720,1
16/10/2023,AILYONS GS-013,135,200,160,4
16/10/2023,NUNIX Q7,365,300,240,15
16/10/2023,SAYONA SB 4245,358,400,320,9
16/10/2023,EUROCHEF G002B,418,500,400,9
16/10/2023,NUNIX GI,417,600,480,1
16/10/2023,SC 002,416,700,560,2
16/10/2023,AILYONS 0316,428,800,640,1
16/10/2023,RASHNIK 1154,401,900,720,4
16/10/2023,NUNIX SHOE RACK-8806-8,62,200,160,15
16/10/2023,NUNIX OVEN E20-R,56,300,240,1
17/10/2023,SAYONA SB 4496,357,400,320,2
17/10/2023,AILYONS 0310,217,500,400,1
17/10/2023,NUNIX GI,417,600,480,4
17/10/2023,VITRON 643,376,700,560,15
17/10/2023,LCD 7201 14-42,281,800,640,9
17/10/2023,AILYONS GS 014-1,360,900,720,9
17/10/2023,VITRON 642,206,200,160,1
17/10/2023,AILYONS GS-013,135,300,240,2
17/10/2023,VITRON HTC 3218 TV,332,400,320,1
17/10/2023,NUNIX NH 01,381,500,400,4
17/10/2023,SK 40 SAYONA,263,600,480,15
17/10/2023,AILYONS 0316,428,700,560,1
17/10/2023,SAYONA 2084,234,800,640,2
17/10/2023,AILYONS GS 014-1,360,900,720,1
17/10/2023,NUNIX GG PRO GLASS,343,200,160,4
17/10/2023,AILYONS HD 199,215,300,240,15
17/10/2023,NUNIX SHOE RACK-8806-8,62,400,320,9
17/10/2023,VITRON HTC 3218 TV,332,500,400,9
17/10/2023,NUNIX DR3H,291,600,480,1
17/10/2023,NUNIX DISH RACK DR3S,310,700,560,2
18/10/2023,AILYONS KETTLE FK- 0301,5,800,640,1
18/10/2023,EC K01,419,900,720,4
18/10/2023,AILYONS 0316,428,200,160,15
18/10/2023,AILYONS KETTLE FK-0306,87,300,240,1
18/10/2023,NUNIX OVEN E20-R,56,400,320,2
18/10/2023,NUNIX AK-100,37,500,400,1
18/10/2023,NUNIX C05,431,600,480,4
18/10/2023,NUNIX DISH RACK DR3S,310,700,560,15
18/10/2023,NUNIX DISH RACK DR2S,307,800,640,9
18/10/2023,NUNIX SHOE RACK-8806-8,62,900,720,9
18/10/2023,ASPATEK GDB 5800,414,200,160,1
18/10/2023,SC 002,416,300,240,2
18/10/2023,SC 002,416,400,320,1
18/10/2023,AILYON TYB 201,427,500,400,4
18/10/2023,NUNIX R5 H N,51,600,480,15
18/10/2023,AILYONS KETTLE FK- 0301,5,700,560,1
18/10/2023,NUNIX R5 SILVER,227,800,640,2
18/10/2023,SC 002,416,900,720,1
18/10/2023,AILYONS KETTLE FK- 0301,5,200,160,4
19/10/2023,VITRON TV 4388,352,300,240,15
19/10/2023,VITRON HTC 3218 TV,332,400,320,9
19/10/2023,SAYONA BLOWDRY SY-1000,85,500,400,9
19/10/2023,JSB T2 DECORDER,404,600,480,1
19/10/2023,NUNIX GG PRO GLASS,343,700,560,2
19/10/2023,SC 002,416,800,640,1
19/10/2023,NUNIX DR3H,291,900,720,4
19/10/2023,ASPATEK BLOWDRY GDB-6800,8,200,160,15
19/10/2023,NUNIX M7,88,300,240,1
19/10/2023,NUNIX DISPENSER -K1,50,400,320,2
19/10/2023,SONAR C7,225,500,400,1
19/10/2023,LCD 7201 14-42,281,600,480,4
19/10/2023,AILYONS KETTLE FK-0306,87,700,560,15
19/10/2023,AILYONS KETTLE FK- 0301,5,800,640,9
19/10/2023,AILYONS 0310,217,900,720,9
19/10/2023,NUNIX 6S,415,200,160,1
19/10/2023,AILYONS HD 199,215,300,240,2
20/10/2023,AILYONS IRON BOX-HD198A,93,400,320,1
20/10/2023,NUNIX 6S,415,500,400,4
20/10/2023,AILYONS 0310,217,600,480,15
20/10/2023,RASHNIK 1154,401,700,560,1
20/10/2023,AILYONS 0316,428,800,640,2
20/10/2023,AILYONS KETTLE FK- 0301,5,900,720,1
20/10/2023,NUNIX Q7,365,200,160,4
20/10/2023,VITRON HTC 3218 TV,332,300,240,15
20/10/2023,NUNIX SHOE RACK-8806-8,62,400,320,9
20/10/2023,AILYONS MICROWAVE-SC,92,500,400,9
20/10/2023,NUNIX GG PRO GLASS,343,600,480,1
20/10/2023,EUROCHEF G002B,418,700,560,2
20/10/2023,AILYON TYB 201,427,800,640,1
20/10/2023,NUNIX C05,431,900,720,4
20/10/2023,AILYONS IRON BOX-HD198A,93,200,160,15
21/10/2023,AILYONS IRON BOX-HD198A,93,300,240,1
21/10/2023,SAYONA IRONBOX 406,108,400,320,2
21/10/2023,AILYONS IRON BOX-HD198A,93,500,400,1
21/10/2023,AILYONS KETTLE FK- 0301,5,600,480,4
21/10/2023,AILYONS HD 199,215,700,560,15
21/10/2023,AILYONS KETTLE FK-0306,87,800,640,9
21/10/2023,AILYONS IRON BOX-HD198A,93,900,720,9
21/10/2023,SAYONA IRONBOX 406,108,200,160,1
21/10/2023,AILYONS IRON BOX-HD198A,93,300,240,2
21/10/2023,AILYONS HD 199,215,400,320,1
21/10/2023,AILYONS 0316,428,500,400,4
21/10/2023,ASPATEK BLOWDRY GDB-6800,8,600,480,15
21/10/2023,SAYONA IRONBOX 407,109,700,560,1
21/10/2023,NUNIX AK 300,364,800,640,2
22/10/2023,VITRON -V636,74,900,720,1
22/10/2023,AILYONS 0310,217,200,160,4
22/10/2023,NUNIX SHOE RACK-8806-8,62,300,240,15
22/10/2023,DISH RACK DR2H,344,400,320,9
22/10/2023,NUNIX R38,422,500,400,9
22/10/2023,NUNIX NH 02,425,600,480,1
22/10/2023,VIEGAPRO SGGMB1,420,700,560,2
22/10/2023,AILYONS GS 014-1,360,800,640,1
22/10/2023,VITRON -V636,74,900,720,4
22/10/2023,EUROCHEF A01,375,200,160,15
22/10/2023,NUNIX AK 300,364,300,240,1
22/10/2023,NUNIX AK-100,37,400,320,2
22/10/2023,NUNIX AK105,434,500,400,1
22/10/2023,AILYONS HD 199,215,600,480,4
22/10/2023,AILYONS 0310,217,700,560,15
22/10/2023,AILYONS HD 199,215,800,640,9
22/10/2023,SAYONA BLOWDRY SY-300,84,900,720,9
22/10/2023,VITRON HTC 3200S,334,200,160,1
23/10/2023,AILYONS 0310,217,300,240,2
23/10/2023,AILYONS IRON BOX-HD198A,93,400,320,1
23/10/2023,SH 20T,249,500,400,4
23/10/2023,AILYONS AFK 111 DISPENSER,192,600,480,15
23/10/2023,NUNIX DR3H,291,700,560,1
23/10/2023,AILYONS KETTLE FK- 0301,5,800,640,2
23/10/2023,AILYONS 0316,428,900,720,1
23/10/2023,SONAR C7,225,200,160,4
23/10/2023,DISH RACK DR2H,344,300,240,15
23/10/2023,NUNIX DISH RACK DR2S,307,400,320,9
23/10/2023,SH 45F,250,500,400,9
23/10/2023,NUNIX C07,432,600,480,1
23/10/2023,AILYONS IRON BOX-HD198A,93,700,560,2
23/10/2023,JSB T2 DECORDER,404,800,640,1
23/10/2023,KJ 402,350,900,720,4
23/10/2023,ASPATEK BLOWDRY GDB-6800,8,200,160,15
23/10/2023,AILYONS 0310,217,300,240,1
23/10/2023,NUNIX M1,34,400,320,2
23/10/2023,SAYONA IRONBOX 407,109,500,400,1
23/10/2023,SAYONA 2084,234,600,480,4
23/10/2023,AILYONS KETTLE FK- 0301,5,700,560,15
23/10/2023,SAYONA IRONBOX 406,108,800,640,9
23/10/2023,AILYON TYB 201,427,900,720,9
23/10/2023,AILYONS 0310,217,200,160,1
24/10/2023,AILYONS KETTLE FK- 0301,5,300,240,2
24/10/2023,AILYONS KETTLE FK-0306,87,400,320,1
24/10/2023,VITRON -V636,74,500,400,4
24/10/2023,SAYONA 2085,235,600,480,15
24/10/2023,SAYONA IRONBOX 407,109,700,560,1
24/10/2023,DIGITAL SCALE-FLAT,107,800,640,2
24/10/2023,SAYONA 2085,235,900,720,1
24/10/2023,AILYONS HD 199,215,200,160,4
24/10/2023,SCALE WITH ARM ACS 40,120,300,240,15
24/10/2023,AILYONS GS-013,135,400,320,9
24/10/2023,AILYONS IRON BOX-HD198A,93,500,400,9
24/10/2023,NUNIX AK-100,37,600,480,1
24/10/2023,AILYONS 0310,217,700,560,2
24/10/2023,AILYONS HD 199,215,800,640,1
24/10/2023,DIGITAL SCALE-FLAT,107,900,720,4
24/10/2023,RN 1014,435,200,160,15
25/10/2023,AILYONS IRON BOX-HD198A,93,300,240,1
25/10/2023,SAYONA BLOWDRY SY-300,84,400,320,2
25/10/2023,NUNIX Q7,365,500,400,1
25/10/2023,NUNIX AK-100,37,600,480,4
25/10/2023,NUNIX NH 01,381,700,560,15
25/10/2023,VITRON -V636,74,800,640,9
25/10/2023,AILYONS HD 199,215,900,720,9
25/10/2023,NUNIX HEATER 1231,58,200,160,1
25/10/2023,SAYONA 2085,235,300,240,2
25/10/2023,VITRON 642,206,400,320,1
25/10/2023,AILYONS HD 199,215,500,400,4
25/10/2023,SAYONA IRONBOX 406,108,600,480,15
25/10/2023,AILYONS GS-013,135,700,560,1
25/10/2023,VIEGAPRO SGGMB1,420,800,640,2
25/10/2023,AILYONS KETTLE FK- 0301,5,900,720,1
25/10/2023,NUNIX AK105,434,200,160,4
25/10/2023,RASHNIK 1154,401,300,240,15
25/10/2023,JSB T2 DECORDER,404,400,320,9
26/10/2023,AILYONS HD 199,215,500,400,9
26/10/2023,AILYONS KETTLE FK- 0301,5,600,480,1
26/10/2023,VITRON 2446,393,700,560,2
26/10/2023,AILYON TYB 201,427,800,640,1
26/10/2023,AILYONS KETTLE FK- 0301,5,900,720,4
26/10/2023,AILYON TYB 201,427,200,160,15
26/10/2023,NUNIX C07,432,300,240,1
26/10/2023,SONAR K9C,429,400,320,2
26/10/2023,SAYONA 2085,235,500,400,1
26/10/2023,AILYON TYB 201,427,600,480,4
26/10/2023,NUNIX M7,88,700,560,15
26/10/2023,NUNIX DISH RACK DR3S,310,800,640,9
26/10/2023,SAYONA IRONBOX 406,108,900,720,9
26/10/2023,EC K01,419,200,160,1
26/10/2023,NUNIX DR3H,291,300,240,2
26/10/2023,EC K01,419,400,320,1
26/10/2023,SONAR K6C,226,500,400,4
26/10/2023,RASHNIK 1154,401,600,480,15
26/10/2023,LCD 7201 14-42,281,700,560,1
26/10/2023,VITRON HTC 3200S,334,800,640,2
26/10/2023,AILYONS MICROWAVE-SC,92,900,720,1
27/10/2023,VITRON 643,376,200,160,4
27/10/2023,SK 40 SAYONA,263,300,240,15
27/10/2023,4 IN 1 SB 3555,347,400,320,9
27/10/2023,VIEGAPRO SGGMB1,420,500,400,9
27/10/2023,RN 1000,436,600,480,1
27/10/2023,AILYONS MICROWAVE-SC,92,700,560,2
27/10/2023,SAYONA 2084,234,800,640,1
27/10/2023,NUNIX-9090B,137,900,720,4
27/10/2023,NUNIX SHOE RACK-8806-8,62,200,160,15
27/10/2023,AILYONS 0316,428,300,240,1
27/10/2023,EUROKEN COOKER EG 55 3G 1E,205,400,320,2
27/10/2023,AILYONS IRON BOX-HD198A,93,500,400,1
27/10/2023,NUNIX SHOE RACK-8806-8,62,600,480,4
27/10/2023,AILYONS IRON BOX-HD198A,93,700,560,15
27/10/2023,SAYONA 1131,390,800,640,9
27/10/2023,VITRON-527,140,900,720,9
27/10/2023,VITRON HTC 3200S,334,200,160,1
27/10/2023,VITRON HTC 3200S,334,300,240,2
27/10/2023,LCD 7201 14-42,281,400,320,1
27/10/2023,VITRON 642,206,500,400,4
27/10/2023,AILYONS 0316,428,600,480,15
27/10/2023,EUROKEN 607,295,700,560,1
27/10/2023,VITRON 642,206,800,640,2
27/10/2023,RN 4693 COOKER,359,900,720,1
27/10/2023,VITRON HTC 3200S,334,200,160,4
27/10/2023,AILYONS MICROWAVE-SC,92,300,240,15
27/10/2023,NUNIX 6S,415,400,320,9
28/10/2023,JSB T2 DECORDER,404,500,400,9
28/10/2023,VITRON-V5204,80,600,480,1
28/10/2023,VITRON 5201,385,700,560,2
28/10/2023,VITRON 2446,393,800,640,1
28/10/2023,NUNIX 560 3G1E,421,900,720,4
28/10/2023,AILYONS 0310,217,200,160,15
28/10/2023,AILYONS 0310,217,300,240,1
28/10/2023,AILYONS IRON BOX-HD198A,93,400,320,2
28/10/2023,AILYONS KETTLE FK- 0301,5,500,400,1
28/10/2023,AILYONS KETTLE FK-0306,87,600,480,4
28/10/2023,SONAR C7,225,700,560,15
28/10/2023,VITRON TV 4388,352,800,640,9
28/10/2023,AILYONS KETTLE FK- 0301,5,900,720,9
28/10/2023,AILYONS MICROWAVE-SC,92,200,160,1
28/10/2023,SH 45F,250,300,240,2
28/10/2023,EUROCHEF G002B,418,400,320,1
28/10/2023,RN 1000,436,500,400,4
28/10/2023,AILYONS GS-013,135,600,480,15
28/10/2023,AILYONS HD 199,215,700,560,1
28/10/2023,DIGITAL SCALE-FLAT,107,800,640,2
28/10/2023,NUNIX DISPENSER -K1,50,900,720,1
28/10/2023,NUNIX 8803 5,383,200,160,4
28/10/2023,VITRON HTC 3200S,334,300,240,15
29/10/2023,SK 40 SAYONA,263,400,320,9
29/10/2023,AILYONS IRON BOX-HD198A,93,500,400,9
29/10/2023,VITRON HTC 3200S,334,600,480,1
29/10/2023,SONAR K9C,429,700,560,2
29/10/2023,VITRON 643,376,800,640,1
29/10/2023,NUNIX SK-509,256,900,720,4
29/10/2023,MICROWAVE ROCH,279,200,160,15
29/10/2023,NUNIX C09,433,300,240,1
29/10/2023,AILYONS 0310,217,400,320,2
29/10/2023,RN 1000,436,500,400,1
29/10/2023,C35 SPEAKER,438,600,480,4
29/10/2023,KJ 402,350,700,560,15
29/10/2023,AILYONS 0310,217,800,640,9
29/10/2023,NUNIX DEEPFRYER DF-6D,46,900,720,9
29/10/2023,SH 20T,249,200,160,1
29/10/2023,SAYONA SK 2248,356,300,240,2
29/10/2023,ASPATEK GDB 5800,414,400,320,1
29/10/2023,AILYONS 0316,428,500,400,4
29/10/2023,AILYONS KETTLE FK-0306,87,600,480,15
29/10/2023,AILYONS IRON BOX-HD198A,93,700,560,1
29/10/2023,NUNIX R38,422,800,640,2
29/10/2023,NUNIX SHOE RACK-8806-8,62,900,720,1
29/10/2023,ASPATEK BLOWDRY GDB-6800,8,200,160,4
29/10/2023,NUNIX NH 01,381,300,240,15
29/10/2023,VITRON 5201,385,400,320,9
29/10/2023,NUNIX SHOE RACK-8806-8,62,500,400,9
30/10/2023,NUNIX AIR FRYER AF 05,351,600,480,1
30/10/2023,AILYONS IRON BOX-HD198A,93,700,560,2
30/10/2023,RN 1014,435,800,640,1
30/10/2023,SAYONA IRONBOX 406,108,900,720,4
30/10/2023,ASPATEK GDB 5800,414,200,160,15
30/10/2023,AILYONS HD 199,215,300,240,1
30/10/2023,RASHNIK 1154,401,400,320,2
30/10/2023,SAYONA SK 2248,356,500,400,1
30/10/2023,SK 40 SAYONA,263,600,480,4
30/10/2023,SONAR K9C,429,700,560,15
30/10/2023,AILYONS COOKER GS 014-2,119,800,640,9
30/10/2023,VITRON 566A,388,900,720,9
30/10/2023,AIYONS FK 0317,439,200,160,1
30/10/2023,RN 1014,435,300,240,2
30/10/2023,SC 002,416,400,320,1
30/10/2023,AILYONS KETTLE FK-0306,87,500,400,4
30/10/2023,AILYONS GS-013,135,600,480,15
30/10/2023,NUNIX DISPENSER -K1,50,700,560,1
30/10/2023,AILYONS KETTLE FK- 0301,5,800,640,2
31/10/2023,AILYONS KETTLE FK-0306,87,900,720,1
31/10/2023,AILYONS HD 199,215,200,160,4
31/10/2023,NUNIX R5 SILVER,227,300,240,15
31/10/2023,VITRON-527,140,400,320,9
31/10/2023,AIYONS FK 0317,439,500,400,9
31/10/2023,SONAR K9C,429,600,480,1
31/10/2023,LCD 7201 14-42,281,700,560,2
31/10/2023,SAYONA BLOWDRY SY-1000,85,800,640,1
31/10/2023,SAYONA BLOWDRY SY-800,66,900,720,4
31/10/2023,AILYONS KETTLE FK-0306,87,200,160,15
31/10/2023,SONAR K9C,429,300,240,1
31/10/2023,SC 002,416,400,320,2
31/10/2023,AILYONS IRON BOX-HD198A,93,500,400,1
31/10/2023,LCD 7201 14-42,281,600,480,4
2023-01-11,LCD 7202 26- 63,391,700,560,15
2023-01-11,AILYONS IRON BOX-HD198A,93,800,640,9
2023-01-11,NUNIX R5 SILVER,227,900,720,9
2023-01-11,NUNIX GG PRO GLASS,343,200,160,1
2023-01-11,DIGITAL SCALE-FLAT,107,300,240,2
2023-01-11,AILYONS IRON BOX-HD198A,93,400,320,1
2023-01-11,AILYONS IRON BOX-HD198A,93,500,400,4
2023-01-11,VON VSHD22MRK BROWDRY,242,600,480,15
2023-01-11,RASHNIK 4690,405,700,560,1
2023-01-11,AILYONS 0316,428,800,640,2
2023-01-11,6011 INOX BJS,423,900,720,1
2023-01-11,DIGITAL SCALE-FLAT,107,200,160,4
2023-01-11,SH 45F,250,300,240,15
2023-01-11,AILYONS IRON BOX-HD198A,93,400,320,9
2023-01-11,AILYONS KETTLE FK-0306,87,500,400,9
2023-01-11,NUNIX M7,88,600,480,1
2023-01-11,NUNIX K7,366,700,560,2
2023-01-11,AILYONS 0316,428,800,640,1
2023-01-11,WALLMOUNT SH-42T,106,900,720,4
2023-01-11,SH 20T,249,200,160,15
2023-01-11,LCD 7201 14-42,281,300,240,1
2023-01-11,LCD 7202 26- 63,391,400,320,2
2023-01-11,AILYONS IRON BOX-HD198A,93,500,400,1
2023-01-11,AILYONS AFK 111 DISPENSER,192,600,480,4
2023-01-11,NUNIX DISH RACK DR2S,307,700,560,15
2023-01-11,NUNIX K7,366,800,640,9
2023-01-11,NUNIX Q7,365,900,720,9
2023-01-11,JSB T2 DECORDER,404,200,160,1
2023-01-11,VIEGAPRO SGGMB1,420,300,240,2
2023-01-11,NUNIX HEATER 1722S,274,400,320,1
2023-01-11,ASPATEK BLOWDRY GDB-6800,8,500,400,4
2023-01-11,SAYONA BLOWDRY SY-800,66,600,480,15
2023-01-11,AILYON TYB 201,427,700,560,1
2023-01-11,NUNIX AK105,434,800,640,2
2023-02-11,MICROWAVE ROCH,279,900,720,1
2023-02-11,AILYONS IRON BOX-HD198A,93,200,160,4
2023-02-11,AILYONS IRON BOX-HD198A,93,300,240,15
2023-02-11,AILYONS IRON BOX-HD198A,93,400,320,9
2023-02-11,AILYONS 0316,428,500,400,9
2023-02-11,AILYONS HD 199,215,600,480,1
2023-02-11,AILYONS HD 199,215,700,560,2
2023-02-11,AILYONS 0310,217,800,640,1
2023-02-11,AILYONS IRON BOX-HD198A,93,900,720,4
2023-02-11,SCALE WITH ARM ACS 40,120,200,160,15
2023-02-11,RN 1014,435,300,240,1
2023-02-11,AILYONS HD 199,215,400,320,2
2023-02-11,AILYONS IRON BOX-HD198A,93,500,400,1
2023-02-11,AILYONS 0310,217,600,480,4
2023-02-11,SH 20T,249,700,560,15
2023-03-11,SONAR C7,225,800,640,9
2023-03-11,NUNIX DR3H,291,900,720,9
2023-03-11,NUNIX DISH RACK DR2S,307,200,160,1
2023-03-11,AILYONS KETTLE FK- 0301,5,300,240,2
2023-03-11,NUNIX SHOE RACK-8806-8,62,400,320,1
2023-03-11,AIYONS FK 0317,439,500,400,4
2023-03-11,NUNIX AK105,434,600,480,15
2023-03-11,NUNIX SHOE RACK-YH8806-10,63,700,560,1
2023-03-11,ASPATEK GDB 5800,414,800,640,2
2023-03-11,SAYONA BLOWDRY SY-800,66,900,720,1
2023-03-11,AILYONS KETTLE FK- 0301,5,200,160,4
2023-03-11,VITRON HTC 3218 TV,332,300,240,15
2023-03-11,MICROWAVE ROCH,279,400,320,9
2023-03-11,EC K01,419,500,400,9
2023-03-11,NUNIX C20MX,440,600,480,1
2023-03-11,VITRON 652,377,700,560,2
2023-03-11,VITRON TV 4388,352,800,640,1
2023-03-11,WALLMOUNT SH-42T,106,900,720,4
2023-04-11,VITRON TV 4388,352,200,160,15
2023-04-11,WALLMOUNT SH-42T,106,300,240,1
2023-04-11,NUNIX R5 C,52,400,320,2
2023-04-11,VITRON HTC 3200S,334,500,400,1
2023-04-11,LCD 7201 14-42,281,600,480,4
2023-04-11,LCD 7201 14-42,281,700,560,15
2023-04-11,AILYONS 0316,428,800,640,9
2023-04-11,AILYONS 0310,217,900,720,9
2023-04-11,AILYONS 0316,428,200,160,1
2023-04-11,RASHNIK 1154,401,300,240,2
2023-04-11,EC K01,419,400,320,1
2023-04-11,VIEGAPRO SGGMB1,420,500,400,4
2023-04-11,NUNIX DR3H,291,600,480,15
2023-04-11,RASHNIK 1154,401,700,560,1
2023-04-11,SAYONA IRONBOX 406,108,800,640,2
2023-04-11,NUNIX NH 02,425,900,720,1
2023-04-11,EC K01,419,200,160,4
2023-04-11,RN 1014,435,300,240,15
2023-05-11,EC K01,419,400,320,9
2023-05-11,AILYONS HD 199,215,500,400,9
2023-05-11,6011 BLACK BJS,273,600,480,1
2023-05-11,AILYONS GS 014-1,360,700,560,2
2023-05-11,RN 2010,300,800,640,1
2023-05-11,NUNIX M7,88,900,720,4
2023-05-11,AILYON TYB 201,427,200,160,15
2023-05-11,NUNIX C20MX,440,300,240,1
2023-05-11,AILYONS IRON BOX-HD198A,93,400,320,2
2023-05-11,AILYONS HD 199,215,500,400,1
2023-05-11,SONAR K9C,429,600,480,4
2023-05-11,ASPATEK BLOWDRY GDB-6800,8,700,560,15
2023-05-11,NUNIX DR3H,291,800,640,9
2023-05-11,NUNIX OVEN E20-R,56,900,720,9
2023-05-11,NUNIX 8803 5,383,200,160,1
2023-05-11,NUNIX AK105,434,300,240,2
2023-05-11,SONAR K6C,226,400,320,1
2023-06-11,NUNIX SHOE RACK-8806-8,62,500,400,4
2023-06-11,SAYONA 2084,234,600,480,15
2023-06-11,RASHNIK 1154,401,700,560,1
2023-06-11,NUNIX K7,366,800,640,2
2023-06-11,NUNIX AK 300,364,900,720,1
2023-06-11,SC 002,416,200,160,4
2023-06-11,RN 1000,436,300,240,15
2023-06-11,NUNIX SC-001,398,400,320,9
2023-06-11,NUNIX DR3H,291,500,400,9
2023-06-11,NUNIX 8803 5,383,600,480,1
2023-06-11,NUNIX SHOE RACK-8806-8,62,700,560,2
2023-06-11,NUNIX SHOE RACK-YH8806-10,63,800,640,1
2023-06-11,NUNIX DISH RACK DR3S,310,900,720,4
2023-06-11,NUNIX DISH RACK DR2S,307,200,160,15
2023-06-11,VITRON HTC 3200S,334,300,240,1
2023-06-11,WALLMOUNT SH-42T,106,400,320,2
2023-06-11,ASPATEK BLOWDRY GDB-6800,8,500,400,1
2023-07-11,SAYONA SB 4171,355,600,480,4
2023-07-11,AILYONS HD 199,215,700,560,15
2023-07-11,AILYON TYB 201,427,800,640,9
2023-07-11,AILYONS IRON BOX-HD198A,93,900,720,9
2023-07-11,AILYONS 0310,217,200,160,1
2023-07-11,AILYONS HD 199,215,300,240,2
2023-07-11,NUNIX R5 C,52,400,320,1
2023-07-11,SCALE 150KG,335,500,400,4
2023-07-11,VITRON 642,206,600,480,15
2023-07-11,NUNIX GG PRO GLASS,343,700,560,1
2023-07-11,AILYONS GS 014-1,360,800,640,2
2023-07-11,LV 201,437,900,720,1
2023-07-11,NUNIX C07,432,200,160,4
2023-07-11,AILYONS HD 199,215,300,240,15
2023-07-11,AILYONS 0316,428,400,320,9
2023-07-11,AILYONS IRON BOX-HD198A,93,500,400,9
2023-07-11,SAYONA IRONBOX 407,109,600,480,1
2023-07-11,AILYONS AFK 111 DISPENSER,192,700,560,2
2023-07-11,NUNIX 8803 5,383,800,640,1
2023-07-11,AILYONS 0310,217,900,720,4
2023-07-11,VITRON 2446,393,200,160,15
2023-07-11,AILYONS 0310,217,300,240,1
2023-07-11,AILYONS KETTLE FK-0306,87,400,320,2
2023-07-11,NUNIX NH 01,381,500,400,1
2023-07-11,AILYONS KETTLE FK-0306,87,600,480,4
2023-07-11,AILYONS AFK 112,280,700,560,15
2023-07-11,EC K01,419,800,640,9
2023-07-11,NUNIX HEATER 1722S,274,900,720,9
2023-07-11,NUNIX NH 01,381,200,160,1
2023-07-11,VITRON -V636,74,300,240,2
2023-07-11,VIEGAPRO SGGMB1,420,400,320,1
2023-07-11,AILYONS KETTLE FK- 0301,5,500,400,4
2023-07-11,AILYONS KETTLE FK-0306,87,600,480,15
2023-07-11,NUNIX 6S,415,700,560,1
2023-07-11,SONAR C7,225,800,640,2
2023-07-11,RN 1014,435,900,720,1
2023-07-11,AILYONS GS 014-1,360,200,160,4
2023-07-11,VITRON HTC 3200S,334,300,240,15
2023-07-11,SH 20T,249,400,320,9
2023-07-11,AILYON TYB 201,427,500,400,9
2023-07-11,VITRON HTC 3200S,334,600,480,1
2023-07-11,VIEGAPRO SGGMB1,420,700,560,2
2023-07-11,SAYONA IRONBOX 407,109,800,640,1
2023-07-11,NUNIX R5 C,52,900,720,4
2023-07-11,LV 201,437,200,160,15
2023-07-11,AILYONS COOKER GS 014-2,119,300,240,1
2023-07-11,SAYONA BLOWDRY SY-800,66,400,320,2
2023-07-11,AILYONS AFK 111 DISPENSER,192,500,400,1
2023-07-11,AILYONS GS 014-1,360,600,480,4
2023-07-11,AILYONS HD 199,215,700,560,15
2023-07-11,EC K01,419,800,640,9
2023-07-11,VITRON 642,206,900,720,9
2023-07-11,AILYONS AFK 112,280,200,160,1
2023-07-11,AIYONS FK 0317,439,300,240,2
2023-07-11,NUNIX NH 01,381,400,320,1
2023-07-11,VIEGAPRO SGGMB1,420,500,400,4
2023-07-11,NUNIX R5 H N,51,600,480,15
2023-07-11,RASHNIK 1154,401,700,560,1
2023-08-11,VITRON 643,376,800,640,2
2023-08-11,VITRON 641,207,900,720,1
2023-08-11,NUNIX GP 3 BURNER,380,200,160,4
2023-08-11,SK 40 SAYONA,263,300,240,15
2023-08-11,DESSINI 40CM,444,400,320,9
2023-08-11,RN 1014,435,500,400,9
2023-08-11,SOKANY CM 123A,445,600,480,1
2023-08-11,AILYONS 0316,428,700,560,2
2023-08-11,AIYONS FK 0317,439,800,640,1
2023-08-11,NUNIX KJ 102,426,900,720,4
2023-08-11,MICROWAVE ROCH,279,200,160,15
2023-08-11,VITRON TV 4388,352,300,240,1
2023-08-11,RN 1014,435,400,320,2
2023-08-11,SAYONA BLOWDRY SY-800,66,500,400,1
2023-08-11,AILYONS 0310,217,600,480,4
2023-08-11,AIYONS 1801,441,700,560,15
2023-08-11,AILYONS BLENDER 1731,199,800,640,9
2023-08-11,JSB T2 DECORDER,404,900,720,9
2023-08-11,NUNIX M1,34,200,160,1
2023-08-11,VIEGAPRO SGGMB1,420,300,240,2
2023-08-11,NUNIX KJ 102,426,400,320,1
2023-08-11,SAYONA BLOWDRY SY-1000,85,500,400,4
2023-08-11,NUNIX Q7,365,600,480,15
2023-08-11,PM 503P,361,700,560,1
2023-08-11,RN 1604,292,800,640,2
2023-08-11,NUNIX C07,432,900,720,1
2023-08-11,NUNIX C09,433,200,160,4
2023-08-11,VITRON HTC 3218 TV,332,300,240,15
2023-08-11,AILYONS 0310,217,400,320,9
2023-08-11,AILYONS KETTLE FK- 0301,5,500,400,9
2023-08-11,NUNIX GP 3 BURNER,380,600,480,1
2023-08-11,AILYONS 1606,442,700,560,2
2023-08-11,AILYONS 0310,217,800,640,1
2023-08-11,AILYON TYB 201,427,900,720,4
2023-08-11,NUNIX Q7,365,200,160,15
2023-09-11,SAYONA IRONBOX 407,109,300,240,1
2023-09-11,6011 GREY BJS,272,400,320,2
2023-09-11,VITRON TV 4388,352,500,400,1
2023-09-11,DIGITAL SCALE-FLAT,107,600,480,4
2023-09-11,NUNIX C09,433,700,560,15
2023-09-11,DISH RACK DR2H,344,800,640,9
2023-09-11,ASPATEK GDB 5800,414,900,720,9
2023-09-11,AILYONS IRON BOX-HD198A,93,200,160,1
2023-09-11,AIYONS FK 0317,439,300,240,2
2023-09-11,AILYONS KETTLE FK- 0301,5,400,320,1
2023-09-11,AILYONS BLENDER 1731,199,500,400,4
2023-09-11,NUNIX AK 300,364,600,480,15
2023-09-11,NUNIX DISH RACK DR2S,307,700,560,1
2023-09-11,DISH RACK DR2H,344,800,640,2
2023-09-11,DIGITAL SCALE-FLAT,107,900,720,1
2023-09-11,VITRON 653,387,200,160,4
2023-09-11,NUNIX GG PRO GLASS,343,300,240,15
2023-09-11,SAYONA BLOWDRY SY-800,66,400,320,9
2023-09-11,NUNIX GP 3 BURNER,380,500,400,9
2023-09-11,NUNIX C09,433,600,480,1
2023-09-11,DESSINI 40CM,444,700,560,2
2023-09-11,RN 1014,435,800,640,1
2023-09-11,SOKANY CM 123A,445,900,720,4
2023-09-11,AILYONS 0316,428,200,160,15
2023-09-11,AIYONS FK 0317,439,300,240,1
2023-09-11,SAYONA IRONBOX 407,109,400,320,2
2023-09-11,AILYONS 1631,443,500,400,1
2023-09-11,AILYONS IRON BOX-HD198A,93,600,480,4
2023-09-11,NUNIX M1,34,700,560,15
2023-09-11,VITRON HTC 3200S,334,800,640,9
2023-09-11,SCALE WITH ARM ACS 40,120,900,720,9
2023-09-11,SC 002,416,200,160,1
2023-09-11,AILYONS 1606,442,300,240,2
2023-09-11,JTC 801,233,400,320,1
2023-09-11,NUNIX SHOE RACK-8806-8,62,500,400,4
2023-09-11,SONAR K6C,226,600,480,15
2023-09-11,VITRON HTC 3218 TV,332,700,560,1
2023-09-11,AILYONS IRON BOX-HD198A,93,800,640,2
2023-09-11,AILYONS HD 199,215,900,720,1
2023-09-11,NUNIX-9090B,137,200,160,4
2023-09-11,NUNIX DR3H,291,300,240,15
2023-09-11,AIYONS 1801,441,400,320,9
2023-09-11,ASPATEK BLOWDRY GDB-6800,8,500,400,9
2023-09-11,DIGITAL SCALE-FLAT,107,600,480,1
2023-10-11,NUNIX GG PRO GLASS,343,700,560,2
2023-10-11,RASHNIK 1154,401,800,640,1
2023-10-11,RASHNIK 1154,401,900,720,4
2023-10-11,AILYONS KETTLE FK-0306,87,200,160,15
2023-10-11,SAYONA BLOWDRY SY-300,84,300,240,1
2023-10-11,VITRON 653,387,400,320,2
2023-10-11,SAYONA IRONBOX 406,108,500,400,1
2023-10-11,EUROCHEF G002B,418,600,480,4
2023-10-11,SAYONA IRONBOX 406,108,700,560,15
2023-10-11,NUNIX SHOE RACK-8806-8,62,800,640,9
2023-10-11,AILYONS KETTLE FK-0306,87,900,720,9
2023-10-11,SK 40 SAYONA,263,200,160,1
2023-10-11,NUNIX SHOE RACK-8806-8,62,300,240,2
2023-10-11,6011 GREY BJS,272,400,320,1
2023-10-11,AILYONS 1631,443,500,400,4
2023-10-11,SAYONA IRONBOX 406,108,600,480,15
2023-10-11,NUNIX NH 02,425,700,560,1
2023-10-11,AILYONS IRON BOX-HD198A,93,800,640,2
2023-10-11,SC 002,416,900,720,1
2023-10-11,NUNIX AIR FRYER AF 05,351,200,160,4
2023-10-11,DISH RACK DR2H,344,300,240,15
2023-10-11,LV 201,437,400,320,9
2023-10-11,NUNIX C07,432,500,400,9
2023-10-11,NUNIX KJ 102,426,600,480,1
2023-10-11,NUNIX SHOE RACK-8806-8,62,700,560,2
2023-10-11,RN 1001,446,800,640,1
2023-10-11,RASHNIK RN 2456,411,900,720,4
2023-10-11,KJ 402,350,200,160,15
2023-11-11,AILYONS KETTLE FK- 0301,5,300,240,1
2023-11-11,NUNIX GG PRO GLASS,343,400,320,2
2023-11-11,AILYONS 1631,443,500,400,1
2023-11-11,AILYONS KETTLE FK- 0301,5,600,480,4
2023-11-11,SCALE WITH ARM ACS 40,120,700,560,15
2023-11-11,AILYONS 0310,217,800,640,9
2023-11-11,SAYONA BLOWDRY SY-300,84,900,720,9
2023-11-11,AILYON TYB 201,427,200,160,1
2023-11-11,AILYONS KETTLE FK-0306,87,300,240,2
2023-11-11,AILYONS 1631,443,400,320,1
2023-11-11,NUNIX- 9090A,162,500,400,4
2023-11-11,AILYONS KETTLE FK- 0301,5,600,480,15
2023-11-11,AIYONS FK 0317,439,700,560,1
2023-11-11,JSB T2 DECORDER,404,800,640,2
2023-11-11,AILYONS 0316,428,900,720,1
2023-11-11,AILYONS KETTLE FK-0306,87,200,160,4
2023-12-11,MICROWAVE ROCH,279,300,240,15
2023-12-11,SAYONA IRONBOX 407,109,400,320,9
2023-12-11,NUNIX SHOE RACK-8806-8,62,500,400,9
2023-12-11,RN 1014,435,600,480,1
2023-12-11,VIEGAPRO SGGMB1,420,700,560,2
2023-12-11,NUNIX C07,432,800,640,1
2023-12-11,AILYONS 0310,217,900,720,4
2023-12-11,NUNIX NH 01,381,200,160,15
2023-12-11,SCALE WITH ARM ACS 40,120,300,240,1
2023-12-11,NUNIX K7,366,400,320,2
2023-12-11,VITRON-V5204,80,500,400,1
2023-12-11,VITRON 641,207,600,480,4
2023-12-11,VITRON 643,376,700,560,15
2023-12-11,JTC 801,233,800,640,9
2023-12-11,VITRON -V636,74,900,720,9
2023-12-11,NUNIX C09,433,200,160,1
2023-12-11,DISH RACK DR2H,344,300,240,2
2023-12-11,AILYONS 0316,428,400,320,1
2023-12-11,NUNIX C07,432,500,400,4
2023-12-11,VITRON HTC 3200S,334,600,480,15
13/11/2023,LCD 7201 14-42,281,700,560,1
13/11/2023,RN 1001,446,800,640,2
13/11/2023,AILYONS KETTLE FK- 0301,5,900,720,1
13/11/2023,MICROWAVE ROCH,279,200,160,4
13/11/2023,AILYONS IRON BOX-HD198A,93,300,240,15
13/11/2023,SAYONA SK 2248,356,400,320,9
13/11/2023,LCD 7201 14-42,281,500,400,9
13/11/2023,VITRON 2446,393,600,480,1
13/11/2023,VITRON HTC 3200S,334,700,560,2
13/11/2023,VITRON TV 4388,352,800,640,1
13/11/2023,VITRON 641,207,900,720,4
13/11/2023,SAYONA BLOWDRY SY-800,66,200,160,15
13/11/2023,AILYONS 0316,428,300,240,1
13/11/2023,VITRON 5568,384,400,320,2
13/11/2023,SK 40 SAYONA,263,500,400,1
13/11/2023,AILYONS GS 014-1,360,600,480,4
13/11/2023,AILYONS GS 014-1,360,700,560,15
13/11/2023,VITRON TV 4388,352,800,640,9
13/11/2023,NUNIX R5 H N,51,900,720,9
13/11/2023,NUNIX DISH RACK DR3S,310,200,160,1
13/11/2023,AILYONS HD 199,215,300,240,2
14/11/2023,KJ 402,350,400,320,1
14/11/2023,RASHNIK 1154,401,500,400,4
14/11/2023,JSB T2 DECORDER,404,600,480,15
14/11/2023,EC K01,419,700,560,1
14/11/2023,VITRON -V636,74,800,640,2
14/11/2023,VITRON 641,207,900,720,1
14/11/2023,VITRON 654,378,200,160,4
14/11/2023,VITRON 643,376,300,240,15
14/11/2023,VITRON 652,377,400,320,9
14/11/2023,NUNIX M7,88,500,400,9
14/11/2023,RN 1151,447,600,480,1
14/11/2023,AILYONS 0316,428,700,560,2
14/11/2023,AILYONS KETTLE FK-0308,178,800,640,1
14/11/2023,AILYONS 0310,217,900,720,4
14/11/2023,AILYONS KETTLE FK-0306,87,200,160,15
14/11/2023,LCD 7201 14-42,281,300,240,1
14/11/2023,LCD 7202 26- 63,391,400,320,2
14/11/2023,AILYONS IRON BOX-HD198A,93,500,400,1
14/11/2023,AILYONS 0310,217,600,480,4
14/11/2023,AILYONS KETTLE FK- 0301,5,700,560,15
14/11/2023,EC K01,419,800,640,9
14/11/2023,VITRON HTC 3200S,334,900,720,9
14/11/2023,AILYONS AFK 112,280,200,160,1
14/11/2023,AILYONS 0310,217,300,240,2
14/11/2023,SCALE WITH ARM ACS 40,120,400,320,1
14/11/2023,AILYONS 0310,217,500,400,4
14/11/2023,AILYON TYB 201,427,600,480,15
14/11/2023,NUNIX AK105,434,700,560,1
14/11/2023,AILYONS IRON BOX-HD198A,93,800,640,2
14/11/2023,AILYONS KETTLE FK- 0301,5,900,720,1
14/11/2023,LCD 7201 14-42,281,200,160,4
14/11/2023,AILYONS AFK 112,280,300,240,15
14/11/2023,VITRON 641,207,400,320,9
14/11/2023,RN 1014,435,500,400,9
15/11/2023,AILYONS AFK 111 DISPENSER,192,600,480,1
15/11/2023,NUNIX DISPENSER -K1,50,700,560,2
15/11/2023,NUNIX HEATER 1722S,274,800,640,1
15/11/2023,AIYONS FK 0317,439,900,720,4
15/11/2023,KJ 402,350,200,160,15
15/11/2023,RN 1001,446,300,240,1
15/11/2023,AILYONS AFK 111 DISPENSER,192,400,320,2
15/11/2023,WALLMOUNT SH-44T,164,500,400,1
15/11/2023,ASPATEK BLOWDRY GDB-6800,8,600,480,4
15/11/2023,AILYONS COOKER GS 014-2,119,700,560,15
15/11/2023,AILYONS KETTLE FK-0308,178,800,640,9
15/11/2023,NUNIX GG PRO GLASS,343,900,720,9
15/11/2023,SH 45F,250,200,160,1
15/11/2023,AILYON TYB 201,427,300,240,2
15/11/2023,NUNIX NH 01,381,400,320,1
15/11/2023,VITRON 2446,393,500,400,4
15/11/2023,RN 1001,446,600,480,15
15/11/2023,AILYON TYB 201,427,700,560,1
15/11/2023,AILYONS KETTLE FK-0308,178,800,640,2
15/11/2023,VITRON -V636,74,900,720,1
15/11/2023,VITRON HTC 3200S,334,200,160,4
15/11/2023,SAYONA IRONBOX 406,108,300,240,15
15/11/2023,AILYONS KETTLE FK- 0301,5,400,320,9
15/11/2023,AILYONS KETTLE FK-0306,87,500,400,9
15/11/2023,ASPATEK BLOWDRY GDB-6800,8,600,480,1
15/11/2023,SAYONA BLOWDRY SY-300,84,700,560,2
16/11/2023,KJ 402,350,800,640,1
16/11/2023,ASPATEK HAIRCLIPPER GD-C2800,9,900,720,4
16/11/2023,NUNIX R5 SILVER,227,200,160,15
16/11/2023,AILYONS AFK 112,280,300,240,1
16/11/2023,LCD 7201 14-42,281,400,320,2
16/11/2023,SONAR K6C,226,500,400,1
16/11/2023,VIEGAPRO 001,450,600,480,4
16/11/2023,AILYONS KETTLE FK- 0301,5,700,560,15
16/11/2023,AILYONS BLENDER 1731,199,800,640,9
16/11/2023,NUNIX AK-100,37,900,720,9
16/11/2023,AILYONS 0310,217,200,160,1
16/11/2023,AILYONS KETTLE FK- 0301,5,300,240,2
16/11/2023,AILYONS COOKER GS 014-2,119,400,320,1
16/11/2023,RASHNIK 1154,401,500,400,4
16/11/2023,AILYONS KETTLE FK-0306,87,600,480,15
16/11/2023,SAYONA IRONBOX 406,108,700,560,1
16/11/2023,VITRON 643,376,800,640,2
16/11/2023,AILYONS KETTLE FK-0308,178,900,720,1
16/11/2023,VITRON HTC 3218 TV,332,200,160,4
16/11/2023,AILYONS KETTLE FK-0308,178,300,240,15
16/11/2023,NUNIX HEATER 1722S,274,400,320,9
16/11/2023,AILYONS 0310,217,500,400,9
16/11/2023,NUNIX 6S,415,600,480,1
16/11/2023,VITRON HTC 3200S,334,700,560,2
16/11/2023,NUNIX 6S,415,800,640,1
16/11/2023,AILYONS 0316,428,900,720,4
16/11/2023,SAYONA BLOWDRY SY-800,66,200,160,15
16/11/2023,VITRON HTC 3200S,334,300,240,1
17/11/2023,JSB T2 DECORDER,404,400,320,2
17/11/2023,DIGITAL SCALE-FLAT,107,500,400,1
17/11/2023,JTC 801,233,600,480,4
17/11/2023,NUNIX DISPENSER -K1,50,700,560,15
17/11/2023,AILYONS AFK 112,280,800,640,9
17/11/2023,AILYONS 0316,428,900,720,9
17/11/2023,AILYONS KETTLE FK- 0301,5,200,160,1
17/11/2023,RASHNIK 1154,401,300,240,2
17/11/2023,AILYONS KETTLE FK- 0301,5,400,320,1
17/11/2023,RASHNIK 1154,401,500,400,4
17/11/2023,AILYONS 0316,428,600,480,15
17/11/2023,LCD 7201 14-42,281,700,560,1
17/11/2023,VIEGAPRO SGGMB1,420,800,640,2
17/11/2023,SAYONA IRONBOX 406,108,900,720,1
17/11/2023,SCALE WITH ARM ACS 40,120,200,160,4
17/11/2023,SK 40 SAYONA,263,300,240,15
17/11/2023,SC 002,416,400,320,9
17/11/2023,JTC 801,233,500,400,9
17/11/2023,AILYONS 1606,442,600,480,1
17/11/2023,AILYONS IRON BOX-HD198A,93,700,560,2
17/11/2023,SAYONA IRONBOX 406,108,800,640,1
17/11/2023,AILYONS BLENDER 1731,199,900,720,4
17/11/2023,AILYONS 0316,428,200,160,15
17/11/2023,SAYONA BLOWDRY SY-800,66,300,240,1
17/11/2023,VITRON 652,377,400,320,2
18/11/2023,AILYON TYB 201,427,500,400,1
18/11/2023,RASHNIK 1154,401,600,480,4
18/11/2023,AILYONS KETTLE FK-0308,178,700,560,15
18/11/2023,NUNIX DISPENSER -K1,50,800,640,9
18/11/2023,AILYONS IRON BOX-HD198A,93,900,720,9
18/11/2023,AILYONS 0316,428,200,160,1
18/11/2023,VIEGAPRO 001,450,300,240,2
18/11/2023,AILYONS KETTLE FK-0306,87,400,320,1
18/11/2023,AILYONS KETTLE FK-0308,178,500,400,4
18/11/2023,NUNIX AK105,434,600,480,15
18/11/2023,NUNIX M1,34,700,560,1
18/11/2023,AILYONS 0310,217,800,640,2
18/11/2023,AILYONS KETTLE FK- 0301,5,900,720,1
18/11/2023,AILYONS BLENDER 1731,199,200,160,4
18/11/2023,NUNIX NH 01,381,300,240,15
18/11/2023,SAYONA BLOWDRY SY-1000,85,400,320,9
18/11/2023,RN 1014,435,500,400,9
18/11/2023,ASPATEK HAIRCLIPPER GD-C2800,9,600,480,1
18/11/2023,NUNIX DISH RACK DR3S,310,700,560,2
18/11/2023,NUNIX DEEPFRYER DF-6D,46,800,640,1
18/11/2023,NUNIX 6S,415,900,720,4
18/11/2023,VITRON 642,206,200,160,15
18/11/2023,AILYONS KETTLE FK-0308,178,300,240,1
18/11/2023,VIEGAPRO 001,450,400,320,2
18/11/2023,AILYONS KETTLE FK- 0301,5,500,400,1
18/11/2023,NUNIX DISPENSER-Z58,136,600,480,4
18/11/2023,AILYONS KETTLE FK-0308,178,700,560,15
18/11/2023,VITRON HTC 3200S,334,800,640,9
18/11/2023,NUNIX NH 01,381,900,720,9
18/11/2023,SK 40 SAYONA,263,200,160,1
18/11/2023,AILYONS KETTLE FK-0306,87,300,240,2
18/11/2023,AILYONS KETTLE FK-0308,178,400,320,1
18/11/2023,AILYONS 0316,428,500,400,4
18/11/2023,RN 4693 COOKER,359,600,480,15
18/11/2023,DESSINI 40CM,444,700,560,1
18/11/2023,RN 1014,435,800,640,2
18/11/2023,NUNIX DR3H,291,900,720,1
18/11/2023,AILYONS COOKER GS 014-2,119,200,160,4
18/11/2023,AILYONS COOKER GS 014-2,119,300,240,15
18/11/2023,VITRON HTC 3200S,334,400,320,9
18/11/2023,RASHNIK 1154,401,500,400,9
18/11/2023,NUNIX AK-100,37,600,480,1
18/11/2023,AILYONS BLENDER 1731,199,700,560,2
18/11/2023,SONAR K6C,226,800,640,1
18/11/2023,VITRON V 651,409,900,720,4
18/11/2023,EC K01,419,200,160,15
19/11/2023,NUNIX R5 H N,51,300,240,1
19/11/2023,ASPATEK HAIRCLIPPER GD-C2800,9,400,320,2
19/11/2023,AILYONS KETTLE FK-0308,178,500,400,1
19/11/2023,NUNIX DISPENSER -K1,50,600,480,4
19/11/2023,NUNIX GG PRO GLASS,343,700,560,15
19/11/2023,AILYONS KETTLE FK- 0301,5,800,640,9
19/11/2023,VITRON HTC 3200S,334,900,720,9
19/11/2023,WALLMOUNT SH-44T,164,200,160,1
19/11/2023,AILYONS KETTLE FK-0306,87,300,240,2
19/11/2023,AILYONS 0310,217,400,320,1
19/11/2023,AILYONS KETTLE FK- 0301,5,500,400,4
19/11/2023,SK 40 SAYONA,263,600,480,15
19/11/2023,NUNIX HEATER 1722S,274,700,560,1
19/11/2023,AILYONS 0316,428,800,640,2
19/11/2023,RASHNIK 1154,401,900,720,1
19/11/2023,GC 004,448,200,160,4
19/11/2023,NUNIX AK 300,364,300,240,15
19/11/2023,NUNIX NH 02,425,400,320,9
19/11/2023,VITRON 652,377,500,400,9
19/11/2023,VITRON TV 4388,352,600,480,1
19/11/2023,WALLMOUNT SH-42T,106,700,560,2
19/11/2023,DIGITAL SCALE-FLAT,107,800,640,1
19/11/2023,AILYONS IRON BOX-HD198A,93,900,720,4
19/11/2023,MICROWAVE ROCH,279,200,160,15
19/11/2023,VITRON HTC 3200S,334,300,240,1
19/11/2023,AILYONS 0310,217,400,320,2
19/11/2023,SH 20T,249,500,400,1
19/11/2023,SC 002,416,600,480,4
19/11/2023,SONAR C7,225,700,560,15
19/11/2023,AILYONS AFK 111 DISPENSER,192,800,640,9
19/11/2023,VITRON HTC 3200S,334,900,720,9
19/11/2023,AILYONS 0310,217,200,160,1
19/11/2023,GC 004,448,300,240,2
19/11/2023,6011 BROWN BJS,424,400,320,1
19/11/2023,KJ 402,350,500,400,4
19/11/2023,SAYONA SK 2248,356,600,480,15
19/11/2023,SCALE WITH ARM ACS 40,120,700,560,1
19/11/2023,AILYONS KETTLE FK-0308,178,800,640,2
19/11/2023,4 IN 1 SB 3555,347,900,720,1
19/11/2023,SCALE WITH ARM ACS 40,120,200,160,4
19/11/2023,NUNIX R5 SILVER,227,300,240,15
19/11/2023,VITRON HTC 3200S,334,400,320,9
19/11/2023,VITRON TV 4388,352,500,400,9
19/11/2023,VIEGAPRO JD 002,449,600,480,1
19/11/2023,VIEGAPRO 001,450,700,560,2
19/11/2023,AILYONS KETTLE FK- 0301,5,800,640,1
20/11/2023,AILYONS IRON BOX-HD198A,93,900,720,4
20/11/2023,VITRON 642,206,200,160,15
20/11/2023,RN 1001,446,300,240,1
20/11/2023,NUNIX NH 01,381,400,320,2
20/11/2023,RN 4693 COOKER,359,500,400,1
20/11/2023,AILYONS KETTLE FK-0306,87,600,480,4
20/11/2023,LCD 7201 14-42,281,700,560,15
20/11/2023,AILYONS KETTLE FK-0308,178,800,640,9
20/11/2023,AILYON TYB 201,427,900,720,9
20/11/2023,LCD 7201 14-42,281,200,160,1
20/11/2023,VIEGAPRO JD 002,449,300,240,2
20/11/2023,AILYONS KETTLE FK- 0301,5,400,320,1
20/11/2023,NUNIX DISH RACK DR3S,310,500,400,4
20/11/2023,SONAR C7,225,600,480,15
20/11/2023,SC 002,416,700,560,1
20/11/2023,WALLMOUNT SH-42T,106,800,640,2
20/11/2023,RN 1001,446,900,720,1
20/11/2023,AILYONS 0310,217,200,160,4
20/11/2023,EUROKEN 607,295,300,240,15
20/11/2023,NUNIX DISPENSER -K1,50,400,320,9
20/11/2023,SAYONA BLOWDRY SY-300,84,500,400,9
20/11/2023,SAYONA BLOWDRY SY-1000,85,600,480,1
20/11/2023,SAYONA SK 2248,356,700,560,2
20/11/2023,AILYONS KETTLE FK- 0301,5,800,640,1
20/11/2023,SAYONA IRONBOX 406,108,900,720,4
20/11/2023,DIGITAL SCALE-FLAT,107,200,160,15
20/11/2023,NUNIX DISH RACK DR3S,310,300,240,1
20/11/2023,VITRON-527,140,400,320,2
20/11/2023,AILYONS 0310,217,500,400,1
20/11/2023,NUNIX R5 SILVER,227,600,480,4
20/11/2023,AILYONS 0316,428,700,560,15
20/11/2023,SAYONA IRONBOX 406,108,800,640,9
21/11/2023,AILYONS IRON BOX-HD198A,93,900,720,9
21/11/2023,AIYONS FK 0317,439,200,160,1
21/11/2023,AILYONS AFK 112,280,300,240,2
21/11/2023,NUNIX BCD 138,451,400,320,1
21/11/2023,NUNIX K7,366,500,400,4
21/11/2023,VIEGAPRO SGGMB1,420,600,480,15
21/11/2023,GC 004,448,700,560,1
21/11/2023,NUNIX DR3H,291,800,640,2
21/11/2023,NUNIX DISH RACK DR3S,310,900,720,1
21/11/2023,NUNIX 6S,415,200,160,4
21/11/2023,AILYONS AFK 112,280,300,240,15
21/11/2023,AILYON TYB 201,427,400,320,9
21/11/2023,SAYONA BLOWDRY SY-300,84,500,400,9
21/11/2023,AILYONS IRON BOX-HD198A,93,600,480,1
21/11/2023,SC 002,416,700,560,2
21/11/2023,NUNIX DR3H,291,800,640,1
21/11/2023,AILYONS KETTLE FK-0306,87,900,720,4
21/11/2023,AILYONS KETTLE FK-0306,87,200,160,15
21/11/2023,RN 1001,446,300,240,1
21/11/2023,VITRON -V636,74,400,320,2
21/11/2023,NUNIX NH 01,381,500,400,1
21/11/2023,AILYONS KETTLE FK- 0301,5,600,480,4
21/11/2023,AILYON TYB 201,427,700,560,15
22/11/2023,AILYONS 0310,217,800,640,9
22/11/2023,AILYONS 0316,428,900,720,9
22/11/2023,NUNIX K3,255,200,160,1
22/11/2023,NUNIX GP 3 BURNER,380,300,240,2
22/11/2023,VITRON HTC 3218 TV,332,400,320,1
22/11/2023,SONAR C7,225,500,400,4
22/11/2023,NUNIX GP 3 BURNER,380,600,480,15
22/11/2023,NUNIX NH 01,381,700,560,1
22/11/2023,NUNIX NH 02,425,800,640,2
22/11/2023,SAYONA IRONBOX 407,109,900,720,1
22/11/2023,AILYONS HD 199,215,200,160,4
22/11/2023,AIYONS FK 0317,439,300,240,15
22/11/2023,NUNIX- 9090A,162,400,320,9
22/11/2023,RN 2011,301,500,400,9
22/11/2023,AILYONS GS 014-1,360,600,480,1
22/11/2023,NUNIX AK-100,37,700,560,2
22/11/2023,RN 1151,447,800,640,1
22/11/2023,SAYONA BLOWDRY SY-300,84,900,720,4
22/11/2023,VITRON HTC 3200S,334,200,160,15
22/11/2023,LCD 7201 14-42,281,300,240,1
22/11/2023,NUNIX NH 01,381,400,320,2
22/11/2023,RASHNIK 1154,401,500,400,1
22/11/2023,AILYONS 1606,442,600,480,4
22/11/2023,EC K01,419,700,560,15
22/11/2023,NUNIX AIR FRYER AF 05,351,800,640,9
22/11/2023,AILYONS 1606,442,900,720,9
22/11/2023,AILYONS KETTLE FK- 0301,5,200,160,1
22/11/2023,AILYONS HD 199,215,300,240,2
22/11/2023,AILYONS GS 014-1,360,400,320,1
23/11/2023,AILYONS 0310,217,500,400,4
23/11/2023,VITRON 5201,385,600,480,15
23/11/2023,AILYONS KETTLE FK- 0301,5,700,560,1
23/11/2023,6011 BROWN BJS,424,800,640,2
23/11/2023,VITRON TV 4388,352,900,720,1
23/11/2023,NUNIX NH 01,381,200,160,4
23/11/2023,AILYONS HD 199,215,300,240,15
23/11/2023,AILYONS 0310,217,400,320,9
23/11/2023,AILYONS KETTLE FK-0308,178,500,400,9
23/11/2023,AILYONS GS 014-1,360,600,480,1
23/11/2023,VIEGAPRO 001,450,700,560,2
23/11/2023,NUNIX BC 92,452,800,640,1
23/11/2023,VIEGAPRO 001,450,900,720,4
23/11/2023,AILYONS BLENDER 1731,199,200,160,15
23/11/2023,NUNIX NH 01,381,300,240,1
23/11/2023,NUNIX M1,34,400,320,2
23/11/2023,AIYONS FK 0317,439,500,400,1
23/11/2023,AILYONS AFK 112,280,600,480,4
23/11/2023,AILYONS 0310,217,700,560,15
23/11/2023,NUNIX R5 C,52,800,640,9
23/11/2023,AILYONS BLENDER 1731,199,900,720,9
23/11/2023,SC 002,416,200,160,1
23/11/2023,GC 004,448,300,240,2
24/11/2023,VITRON 652,377,400,320,1
24/11/2023,RASHNIK 1154,401,500,400,4
24/11/2023,AILYONS IRON BOX-HD198A,93,600,480,15
24/11/2023,LCD 7201 14-42,281,700,560,1
24/11/2023,AILYONS HD 199,215,800,640,2
24/11/2023,AILYONS KETTLE FK-0308,178,900,720,1
24/11/2023,AILYON TYB 201,427,200,160,4
24/11/2023,NUNIX HEATER 1722S,274,300,240,15
24/11/2023,SK 40 SAYONA,263,400,320,9
24/11/2023,NUNIX DR3H,291,500,400,9
24/11/2023,VITRON TV 4388,352,600,480,1
24/11/2023,VITRON HTC 3200S,334,700,560,2
24/11/2023,6011 GREY BJS,272,800,640,1
24/11/2023,EUROKEN 6301 WOOFER,323,900,720,4
24/11/2023,VITRON -V636,74,200,160,15
24/11/2023,NUNIX M7,88,300,240,1
24/11/2023,NUNIX BC 92,452,400,320,2
24/11/2023,RN 1014,435,500,400,1
24/11/2023,RN 2011,301,600,480,4
24/11/2023,NUNIX R5 SILVER,227,700,560,15
24/11/2023,NUNIX HEATER 1231,58,800,640,9
24/11/2023,SAYONA BLOWDRY SY-300,84,900,720,9
24/11/2023,NUNIX NH 01,381,200,160,1
25/11/2023,SAYONA BLOWDRY SY-800,66,300,240,2
25/11/2023,AILYONS KETTLE FK- 0301,5,400,320,1
25/11/2023,AILYONS 0316,428,500,400,4
25/11/2023,SK 40 SAYONA,263,600,480,15
25/11/2023,VITRON HTC 3218 TV,332,700,560,1
25/11/2023,EC K01,419,800,640,2
25/11/2023,AILYONS KETTLE FK- 0301,5,900,720,1
25/11/2023,NUNIX 560 3G1E,421,200,160,4
25/11/2023,AILYONS 0316,428,300,240,15
25/11/2023,SAYONA IRONBOX 406,108,400,320,9
25/11/2023,NUNIX DISH RACK DR3S,310,500,400,9
25/11/2023,AIYONS 1801,441,600,480,1
25/11/2023,EC K01,419,700,560,2
25/11/2023,AILYONS 0310,217,800,640,1
25/11/2023,VITRON 642,206,900,720,4
25/11/2023,GRILL PAN GP36,257,200,160,15
25/11/2023,AILYONS KETTLE FK- 0301,5,300,240,1
25/11/2023,VITRON HTC 3218 TV,332,400,320,2
25/11/2023,AILYONS 0310,217,500,400,1
25/11/2023,AILYONS HD 199,215,600,480,4
25/11/2023,AILYONS KETTLE FK- 0301,5,700,560,15
25/11/2023,RASHNIK 1154,401,800,640,9
25/11/2023,GC 004,448,900,720,9
25/11/2023,EUROKEN 607,295,200,160,1
25/11/2023,NUNIX GP 3 BURNER,380,300,240,2
25/11/2023,ASPATEK BLOWDRY GDB-6800,8,400,320,1
25/11/2023,ASPATEK GDB 5800,414,500,400,4
25/11/2023,AIYONS FK 0317,439,600,480,15
25/11/2023,SAYONA BLOWDRY SY-800,66,700,560,1
25/11/2023,SAYONA BLOWDRY SY-1000,85,800,640,2
26/11/2023,VIEGAPRO 001,450,900,720,1
26/11/2023,VIEGAPRO SGGMB1,420,200,160,4
26/11/2023,LCD 7201 14-42,281,300,240,15
26/11/2023,AILYONS IRON BOX-HD198A,93,400,320,9
26/11/2023,6011 BLACK BJS,273,500,400,9
26/11/2023,SAYONA BLOWDRY SY-300,84,600,480,1
26/11/2023,SAYONA BLOWDRY SY-1000,85,700,560,2
26/11/2023,ASPATEK BLOWDRY GDB-6800,8,800,640,1
26/11/2023,RN 1151,447,900,720,4
26/11/2023,SONAR C7,225,200,160,15
26/11/2023,NUNIX NH 02,425,300,240,1
26/11/2023,AILYONS KETTLE FK-0308,178,400,320,2
26/11/2023,AILYONS 0310,217,500,400,1
26/11/2023,VIEGAPRO 001,450,600,480,4
26/11/2023,AILYONS BLENDER 1731,199,700,560,15
26/11/2023,AILYONS KETTLE FK- 0301,5,800,640,9
26/11/2023,SK 40 SAYONA,263,900,720,9
26/11/2023,VIEGAPRO SGGMB1,420,200,160,1
26/11/2023,AILYONS 0310,217,300,240,2
26/11/2023,AILYONS 0316,428,400,320,1
27/11/2023,AILYONS BLENDER 1731,199,500,400,4
27/11/2023,AILYONS IRON BOX-HD198A,93,600,480,15
27/11/2023,AILYONS KETTLE FK-0308,178,700,560,1
27/11/2023,AILYONS KETTLE FK-0306,87,800,640,2
27/11/2023,NUNIX HEATER 1231,58,900,720,1
27/11/2023,AILYONS 0310,217,200,160,4
27/11/2023,NUNIX NH 01,381,300,240,15
27/11/2023,AILYONS KETTLE FK-0308,178,400,320,9
27/11/2023,AILYONS KETTLE FK- 0301,5,500,400,9
27/11/2023,LV 201,437,600,480,1
27/11/2023,NUNIX R5 SILVER,227,700,560,2
27/11/2023,AILYONS GS 014-1,360,800,640,1
27/11/2023,RASHNIK 1154,401,900,720,4
27/11/2023,NUNIX GI,417,200,160,15
27/11/2023,NUNIX NH 01,381,300,240,1
27/11/2023,AILYONS 0310,217,400,320,2
27/11/2023,NUNIX HEATER 1231,58,500,400,1
27/11/2023,RASHNIK 2634,457,600,480,4
27/11/2023,RASHNIK 2634,457,700,560,15
27/11/2023,AILYONS IRON BOX-HD198A,93,800,640,9
27/11/2023,VITRON HTC 3200S,334,900,720,9
27/11/2023,SCALE WITH ARM ACS 40,120,200,160,1
27/11/2023,RN 2011,301,300,240,2
27/11/2023,SH 20T,249,400,320,1
27/11/2023,EC K01,419,500,400,4
27/11/2023,LV 201,437,600,480,15
27/11/2023,AILYONS KETTLE FK-0306,87,700,560,1
27/11/2023,LCD 7201 14-42,281,800,640,2
27/11/2023,AIYONS FK 0317,439,900,720,1
27/11/2023,AILYONS IRON BOX-HD198A,93,200,160,4
28/11/2023,AILYONS HD 199,215,300,240,15
28/11/2023,AILYONS GS-013,135,400,320,9
28/11/2023,SK 40 SAYONA,263,500,400,9
28/11/2023,RASHNIK 2632,458,600,480,1
28/11/2023,NUNIX M7,88,700,560,2
28/11/2023,VIEGAPRO 001,450,800,640,1
28/11/2023,RN 1001,446,900,720,4
28/11/2023,NUNIX DISH RACK DR3S,310,200,160,15
28/11/2023,NUNIX NH 01,381,300,240,1
28/11/2023,NUNIX HEATER 1722S,274,400,320,2
28/11/2023,NUNIX M7,88,500,400,1
28/11/2023,SONAR K6C,226,600,480,4
28/11/2023,NUNIX 6S,415,700,560,15
28/11/2023,WALLMOUNT SH-44T,164,800,640,9
28/11/2023,NUNIX COOKER SS-001,45,900,720,9
28/11/2023,AILYONS KETTLE FK- 0301,5,200,160,1
28/11/2023,AILYONS HD 199,215,300,240,2
28/11/2023,VITRON 643,376,400,320,1
28/11/2023,NUNIX NH 01,381,500,400,4
28/11/2023,AILYONS KETTLE FK-0308,178,600,480,15
28/11/2023,EC K01,419,700,560,1
28/11/2023,RN 4693 COOKER,359,800,640,2
28/11/2023,AILYONS 0310,217,900,720,1
28/11/2023,NUNIX R5 H N,51,200,160,4
28/11/2023,AILYONS IRON BOX-HD198A,93,300,240,15
28/11/2023,ASPATEK BLOWDRY GDB-6800,8,400,320,9
29/11/2023,AILYONS IRON BOX-HD198A,93,500,400,9
29/11/2023,SC 002,416,600,480,1
29/11/2023,AILYONS KETTLE FK-0308,178,700,560,2
29/11/2023,RASHNIK 1154,401,800,640,1
29/11/2023,LCD 7201 14-42,281,900,720,4
29/11/2023,6011 INOX BJS,423,200,160,15
29/11/2023,AILYONS IRON BOX-HD198A,93,300,240,1
29/11/2023,NUNIX M7,88,400,320,2
29/11/2023,AILYONS 0310,217,500,400,1
29/11/2023,VITRON 652,377,600,480,4
29/11/2023,VITRON 642,206,700,560,15
29/11/2023,AILYONS IRON BOX-HD198A,93,800,640,9
29/11/2023,AILYONS HD 199,215,900,720,9
29/11/2023,AILYONS 0310,217,200,160,1
29/11/2023,AILYONS 0310,217,300,240,2
29/11/2023,VIEGAPRO HT23001,455,400,320,1
29/11/2023,GC 004,448,500,400,4
29/11/2023,VIEGAPRO HT23001,455,600,480,15
29/11/2023,EC K01,419,700,560,1
29/11/2023,AILYONS IRON BOX-HD198A,93,800,640,2
29/11/2023,AILYONS BLENDER 1731,199,900,720,1
29/11/2023,AILYON TYB 201,427,200,160,4
29/11/2023,SC 002,416,300,240,15
29/11/2023,VITRON-527,140,400,320,9
29/11/2023,AILYONS HD 199,215,500,400,9
29/11/2023,NUNIX Z16C,461,600,480,1
29/11/2023,AILYONS KETTLE FK-0308,178,700,560,2
29/11/2023,SAYONA 50E 31 BL,454,800,640,1
29/11/2023,VITRON HTC 3218 TV,332,900,720,4
29/11/2023,SAYONA IRONBOX 406,108,200,160,15
30/11/2023,RASHNIK 2634,457,300,240,1
30/11/2023,NUNIX NH 01,381,400,320,2
30/11/2023,AIYONS FK 0317,439,500,400,1
30/11/2023,AILYONS BLENDER 1731,199,600,480,4
30/11/2023,RN 2011,301,700,560,15
30/11/2023,RASHNIK 1154,401,800,640,9
30/11/2023,VIEGAPRO 001,450,900,720,9
30/11/2023,SAYONA BLOWDRY SY-800,66,200,160,1
30/11/2023,ASPATEK GDB 5800,414,300,240,2
30/11/2023,SCALE WITH ARM ACS 40,120,400,320,1
30/11/2023,AILYONS HD 199,215,500,400,4
30/11/2023,AILYONS 0316,428,600,480,15
30/11/2023,AILYONS KETTLE FK-0308,178,700,560,1
30/11/2023,AILYONS KETTLE FK-0306,87,800,640,2
30/11/2023,AILYONS 0316,428,900,720,1
30/11/2023,NUNIX DR3H,291,200,160,4
30/11/2023,AILYONS KETTLE FK- 0301,5,300,240,15
30/11/2023,AILYONS KETTLE FK-0306,87,400,320,9
30/11/2023,LCD 7201 14-42,281,500,400,9
30/11/2023,AILYONS KETTLE FK-0306,87,600,480,1
30/11/2023,RASHNIK 2632,458,700,560,2
30/11/2023,AILYONS GS 014-1,360,800,640,1
30/11/2023,VIEGAPRO SGGMB1,420,900,720,4
30/11/2023,WALLMOUNT SH-42T,106,200,160,15
30/11/2023,AILYON TYB 201,427,300,240,1
30/11/2023,AILYONS KETTLE FK- 0301,5,400,320,2
30/11/2023,RASHNIK 2634,457,500,400,1
30/11/2023,RN 1014,435,600,480,4
30/11/2023,AILYONS KETTLE FK-0308,178,700,560,15
30/11/2023,AILYONS GS 014-1,360,800,640,9
30/11/2023,AILYONS KETTLE FK-0306,87,900,720,9
30/11/2023,NUNIX DEEPFRYER DF-6D,46,200,160,1
30/11/2023,EC K01,419,300,240,2
30/11/2023,AILYONS KETTLE FK-0306,87,400,320,1
30/11/2023,SAYONA SB 4171,355,500,400,4
2023-01-12,NUNIX BCD 138,451,600,480,15
2023-01-12,AIYONS 1801,441,700,560,1
2023-01-12,SAYONA IRONBOX 407,109,800,640,2
2023-01-12,VITRON HTC 3218 TV,332,900,720,1
2023-01-12,RASHNIK 1702,462,200,160,4
2023-01-12,RASHNIK 4692,407,300,240,15
2023-01-12,AILYONS 0310,217,400,320,9
2023-01-12,AILYONS HD 199,215,500,400,9
2023-01-12,VITRON HTC 3218 TV,332,600,480,1
2023-01-12,SC 002,416,700,560,2
2023-01-12,RN 1604,292,800,640,1
2023-01-12,NUNIX AK-100,37,900,720,4
2023-01-12,AILYONS KETTLE FK- 0301,5,200,160,15
2023-01-12,VIEGAPRO SGGMB1,420,300,240,1
2023-01-12,NUNIX NH 01,381,400,320,2
2023-01-12,SCALE WITH ARM ACS 40,120,500,400,1
2023-01-12,NUNIX GI,417,600,480,4
2023-01-12,SC 002,416,700,560,15
2023-01-12,EC K01,419,800,640,9
2023-01-12,LCD 7201 14-42,281,900,720,9
2023-01-12,LCD 7202 26- 63,391,200,160,1
2023-02-12,AILYON TYB 201,427,300,240,2
2023-02-12,AILYONS COOKER GS 014-2,119,400,320,1
2023-02-12,SAYONA BLOWDRY SY-1000,85,500,400,4
2023-02-12,SAYONA BLOWDRY SY-800,66,600,480,15
2023-02-12,ASPATEK GDB 5800,414,700,560,1
2023-02-12,ASPATEK BLOWDRY GDB-6800,8,800,640,2
2023-02-12,AILYONS 0310,217,900,720,1
2023-02-12,AILYONS KETTLE FK- 0301,5,200,160,4
2023-02-12,RASHNIK 2632,458,300,240,15
2023-02-12,RASHNIK 2632,458,400,320,9
2023-02-12,AILYONS AFK 112,280,500,400,9
2023-02-12,VITRON 642,206,600,480,1
2023-02-12,VIEGAPRO SGGMB1,420,700,560,2
2023-02-12,SONAR K6C,226,800,640,1
2023-02-12,NUNIX DISH RACK DR3S,310,900,720,4
2023-02-12,VITRON 652,377,200,160,15
2023-02-12,NUNIX DISPENSER -K1,50,300,240,1
2023-02-12,AILYONS BLENDER 1731,199,400,320,2
2023-02-12,SAYONA SB 4171,355,500,400,1
2023-02-12,VIEGAPRO HT23001,455,600,480,4
2023-02-12,NUNIX Q7,365,700,560,15
2023-02-12,AIYONS 1801,441,800,640,9
2023-02-12,AILYONS IRON BOX-HD198A,93,900,720,9
2023-02-12,AILYONS KETTLE FK- 0301,5,200,160,1
2023-03-12,NUNIX DISH RACK DR3S,310,300,240,2
2023-03-12,NUNIX DR3H,291,400,320,1
2023-03-12,NUNIX C20PG,456,500,400,4
2023-03-12,AIYONS FK 0317,439,600,480,15
2023-03-12,SONAR K6C,226,700,560,1
2023-03-12,EC K01,419,800,640,2
2023-03-12,RASHNIK 1154,401,900,720,1
2023-03-12,AILYONS IRON BOX-HD198A,93,200,160,4
2023-03-12,NUNIX DISPENSER -K1,50,300,240,15
2023-03-12,AILYONS 0316,428,400,320,9
2023-03-12,AILYONS KETTLE FK- 0301,5,500,400,9
2023-03-12,AILYONS 0310,217,600,480,1
2023-03-12,AILYONS KETTLE FK-0308,178,700,560,2
2023-03-12,RASHNIK 1154,401,800,640,1
2023-03-12,AILYONS HD 199,215,900,720,4
